Job Title,Episode,Link to Episode,Release Date,Good Resume,"All my content is free, but if you want to skip the wait on an episode before it airs, you can sign up to become a member on YouTube and watch it early! The link to that is here - https://www.youtube.com/channel/UCPrukg_kzZHzVpvxc424S6A/join"
Full stack software engineer,459,https://youtu.be/6z0qkbwpVZM,August 14th 2026,,
Full-Stack Developer,459,https://youtu.be/6z0qkbwpVZM,August 14th 2026,,
Full Stack Software Engineer,459,https://youtu.be/6z0qkbwpVZM,August 14th 2026,,
Python and JavaScript Backend Developer,459,https://youtu.be/6z0qkbwpVZM,August 14th 2026,,
Full Stack and .NET Backend,459,https://youtu.be/6z0qkbwpVZM,August 14th 2026,,
SWE Full Stack Internship,458,https://youtu.be/OAPoezQ6VJQ,August 13th 2026,,
Software Engineer Intern,458,https://youtu.be/OAPoezQ6VJQ,August 13th 2026,,
Software Developer (India),458,https://youtu.be/OAPoezQ6VJQ,August 13th 2026,,
Full Stack Software Engineer,458,https://youtu.be/OAPoezQ6VJQ,August 13th 2026,,
swe internship,458,https://youtu.be/OAPoezQ6VJQ,August 13th 2026,,
Software Engineer,457,https://youtu.be/-MrDeKPagIk,August 12th 2026,,
ML/AI engineer and Data scientist based on python,457,https://youtu.be/-MrDeKPagIk,August 12th 2026,,
Cybersecurity Intern,457,https://youtu.be/-MrDeKPagIk,August 12th 2026,,
Software Engineer intern,457,https://youtu.be/-MrDeKPagIk,August 12th 2026,,
Business Analyst,457,https://youtu.be/-MrDeKPagIk,August 12th 2026,,
AI engineer Intern,456,How to Get an AI Engineer Internship JOB in 2026 | Recruiter Reviews Resume - YouTube,August 11th 2026,,
Security Analyst,456,How to Get an AI Engineer Internship JOB in 2026 | Recruiter Reviews Resume - YouTube,August 11th 2026,,
AI Engineer,456,How to Get an AI Engineer Internship JOB in 2026 | Recruiter Reviews Resume - YouTube,August 11th 2026,,
Software Engineer Intern,456,How to Get an AI Engineer Internship JOB in 2026 | Recruiter Reviews Resume - YouTube,August 11th 2026,,
Lab manger,456,How to Get an AI Engineer Internship JOB in 2026 | Recruiter Reviews Resume - YouTube,August 11th 2026,,
Software Engineer,455,Why YOU Can't Get a Software Engineer Job | Recruiter Reviews Resume - YouTube,August 10th 2026,,
Frontend Developer,455,Why YOU Can't Get a Software Engineer Job | Recruiter Reviews Resume - YouTube,August 10th 2026,,
AI Engineer,455,Why YOU Can't Get a Software Engineer Job | Recruiter Reviews Resume - YouTube,August 10th 2026,,
Fullstack Engineer,455,Why YOU Can't Get a Software Engineer Job | Recruiter Reviews Resume - YouTube,August 10th 2026,,
Software engineering intern,455,Why YOU Can't Get a Software Engineer Job | Recruiter Reviews Resume - YouTube,August 10th 2026,,
FullStack Developer(frontend focused),454,This Software Engineer Hasn't Gotten a JOB Interview since 2021 | Recruiter Reviews Resume - YouTube,August 7th 2026,,
Software Engineer Intern,454,This Software Engineer Hasn't Gotten a JOB Interview since 2021 | Recruiter Reviews Resume - YouTube,August 7th 2026,,
Golang Backend Developer,454,This Software Engineer Hasn't Gotten a JOB Interview since 2021 | Recruiter Reviews Resume - YouTube,August 7th 2026,,
Full Stack Software Engineer,454,This Software Engineer Hasn't Gotten a JOB Interview since 2021 | Recruiter Reviews Resume - YouTube,August 7th 2026,,
Data Analyst,454,This Software Engineer Hasn't Gotten a JOB Interview since 2021 | Recruiter Reviews Resume - YouTube,August 7th 2026,,
AI Engineer,453,Why YOU Can't Get an AI Engineer Job | Recruiter Reviews Resume - YouTube,August 6th 2026,,
Full Stack Dev,453,Why YOU Can't Get an AI Engineer Job | Recruiter Reviews Resume - YouTube,August 6th 2026,,
Senior Data Analyst,453,Why YOU Can't Get an AI Engineer Job | Recruiter Reviews Resume - YouTube,August 6th 2026,,
"Manager, Material Planner",453,Why YOU Can't Get an AI Engineer Job | Recruiter Reviews Resume - YouTube,August 6th 2026,,
junior associate java developer,453,Why YOU Can't Get an AI Engineer Job | Recruiter Reviews Resume - YouTube,August 6th 2026,,
Data Analyst,452,Why Data Analyst CAN'T Get a Job | Recruiter Reviews Resume - YouTube,August 5th 2026,,
Cybersecurity Intern,452,Why Data Analyst CAN'T Get a Job | Recruiter Reviews Resume - YouTube,August 5th 2026,,
AI Engineer,452,Why Data Analyst CAN'T Get a Job | Recruiter Reviews Resume - YouTube,August 5th 2026,,
AI Engineer,452,Why Data Analyst CAN'T Get a Job | Recruiter Reviews Resume - YouTube,August 5th 2026,,
Fullstack Engineer,452,Why Data Analyst CAN'T Get a Job | Recruiter Reviews Resume - YouTube,August 5th 2026,,
Embedded Software Engineer,451,Why Embedded Software Engineers CAN'T Get Jobs | Recruiter Reviews Resume - YouTube,August 4th 2026,,
Software Engineer (Go),451,Why Embedded Software Engineers CAN'T Get Jobs | Recruiter Reviews Resume - YouTube,August 4th 2026,,
IT Analyst,451,Why Embedded Software Engineers CAN'T Get Jobs | Recruiter Reviews Resume - YouTube,August 4th 2026,,
Software Engineer New Grad,451,Why Embedded Software Engineers CAN'T Get Jobs | Recruiter Reviews Resume - YouTube,August 4th 2026,,
Salesforce developer,451,Why Embedded Software Engineers CAN'T Get Jobs | Recruiter Reviews Resume - YouTube,August 4th 2026,,
Software Engineering Intern,450,How to Get a Software Engineer Internship | Recruiter Reviews Resume - YouTube,August 3rd 2026,,
SWE Intern full stack or backend,450,How to Get a Software Engineer Internship | Recruiter Reviews Resume - YouTube,August 3rd 2026,,
Staff Software Engineer,450,How to Get a Software Engineer Internship | Recruiter Reviews Resume - YouTube,August 3rd 2026,,
Fullstack with C# Backend Focus,450,How to Get a Software Engineer Internship | Recruiter Reviews Resume - YouTube,August 3rd 2026,,
Software intern,450,How to Get a Software Engineer Internship | Recruiter Reviews Resume - YouTube,August 3rd 2026,,
Data Engineer,449,Why YOU Can't Get a Data Engineer Job | Recruiter Reviews Resume - YouTube,July 31st 2026,,
AI engineer intern,449,Why YOU Can't Get a Data Engineer Job | Recruiter Reviews Resume - YouTube,July 31st 2026,,
Java Backend Engineer,449,Why YOU Can't Get a Data Engineer Job | Recruiter Reviews Resume - YouTube,July 31st 2026,,
Backend Software Engineer,449,Why YOU Can't Get a Data Engineer Job | Recruiter Reviews Resume - YouTube,July 31st 2026,,
Embedded systems,449,Why YOU Can't Get a Data Engineer Job | Recruiter Reviews Resume - YouTube,July 31st 2026,,
AI Engineer,448,What a GARBAGE AI Engineer Resume Looks Like,July 30th 2026,,
Full Stack Software Engineer,448,What a GARBAGE AI Engineer Resume Looks Like,July 30th 2026,,
Salesforce Developer,448,What a GARBAGE AI Engineer Resume Looks Like,July 30th 2026,,
Internship / work-study program for Fullstack (java spring angular) mainly,448,What a GARBAGE AI Engineer Resume Looks Like,July 30th 2026,,
SWE Intern,448,What a GARBAGE AI Engineer Resume Looks Like,July 30th 2026,,
Software engineer,447,https://youtu.be/5LdNpGQOi6w,July 29th 2026,,
Lab manager,447,https://youtu.be/5LdNpGQOi6w,July 29th 2026,,
FPGA Engineer,447,https://youtu.be/5LdNpGQOi6w,July 29th 2026,,
SWE/AI Engineering/FDE,447,https://youtu.be/5LdNpGQOi6w,July 29th 2026,,
Full Stack Developer (.NET/C#),447,https://youtu.be/5LdNpGQOi6w,July 29th 2026,Perfect Resume,
Software Engineer,446,What Software Engineers NEED to Get a Job | Recruiter Reviews Resume - YouTube,July 28th 2026,,
Full Stack AI Engineer,446,What Software Engineers NEED to Get a Job | Recruiter Reviews Resume - YouTube,July 28th 2026,,
Fullstack AI engineer intern/New Grad,446,What Software Engineers NEED to Get a Job | Recruiter Reviews Resume - YouTube,July 28th 2026,,
Full Stack Intern,446,What Software Engineers NEED to Get a Job | Recruiter Reviews Resume - YouTube,July 28th 2026,,
Full Stack AI Engineer,446,What Software Engineers NEED to Get a Job | Recruiter Reviews Resume - YouTube,July 28th 2026,,
AI Engineer,445,Why AI Engineers CAN'T Get a Job | Recruiter Reviews Resume - YouTube,July 27th 2026,,
Production Support specialist,445,Why AI Engineers CAN'T Get a Job | Recruiter Reviews Resume - YouTube,July 27th 2026,,
SWE Full Stack Intern,445,Why AI Engineers CAN'T Get a Job | Recruiter Reviews Resume - YouTube,July 27th 2026,,
Full-stack Software Engineer (Updated),445,Why AI Engineers CAN'T Get a Job | Recruiter Reviews Resume - YouTube,July 27th 2026,,
Full Stack SWE,445,Why AI Engineers CAN'T Get a Job | Recruiter Reviews Resume - YouTube,July 27th 2026,,
Data Analyst/Scientist,444,Garbage Data Analsyt Resume Gets Them Rejected | Recruiter Reviews Resume - YouTube,July 24th 2026,,
Data Analyst,444,Garbage Data Analsyt Resume Gets Them Rejected | Recruiter Reviews Resume - YouTube,July 24th 2026,,
Software Engineer Intern,444,Garbage Data Analsyt Resume Gets Them Rejected | Recruiter Reviews Resume - YouTube,July 24th 2026,,
AI Engineer,444,Garbage Data Analsyt Resume Gets Them Rejected | Recruiter Reviews Resume - YouTube,July 24th 2026,,
Financial Analyst,444,Garbage Data Analsyt Resume Gets Them Rejected | Recruiter Reviews Resume - YouTube,July 24th 2026,,
Full Stack Software Engineer,443,How this Software Engineer Got a 67% Salary Increase | Recruiter Reviews Resume - YouTube,July 23rd 2026,,
Software Engineer Intern,443,How this Software Engineer Got a 67% Salary Increase | Recruiter Reviews Resume - YouTube,July 23rd 2026,,
Full Stack Software Engineer,443,How this Software Engineer Got a 67% Salary Increase | Recruiter Reviews Resume - YouTube,July 23rd 2026,,
Software engineer intern,443,How this Software Engineer Got a 67% Salary Increase | Recruiter Reviews Resume - YouTube,July 23rd 2026,,
Technical Support Specialist,443,How this Software Engineer Got a 67% Salary Increase | Recruiter Reviews Resume - YouTube,July 23rd 2026,,
Software Engineer I New Grad,442,Software Engineer Jobs NEED This | Recruiter Reviews Resume - YouTube,July 22nd 2026,,
Proj coord,442,Software Engineer Jobs NEED This | Recruiter Reviews Resume - YouTube,July 22nd 2026,,
"Software Engineer, New Grad",442,Software Engineer Jobs NEED This | Recruiter Reviews Resume - YouTube,July 22nd 2026,,
Frontend Developer,442,Software Engineer Jobs NEED This | Recruiter Reviews Resume - YouTube,July 22nd 2026,,
Java Developer,442,Software Engineer Jobs NEED This | Recruiter Reviews Resume - YouTube,July 22nd 2026,,
Backend Developer,441,Why Software Engineers Get ZERO Job Interviews | Recruiter Reviews Resume - YouTube,July 21st 2026,,
Data Engineer,441,Why Software Engineers Get ZERO Job Interviews | Recruiter Reviews Resume - YouTube,July 21st 2026,,
AI engineer,441,Why Software Engineers Get ZERO Job Interviews | Recruiter Reviews Resume - YouTube,July 21st 2026,,
Cybersecurity Analyst,441,Why Software Engineers Get ZERO Job Interviews | Recruiter Reviews Resume - YouTube,July 21st 2026,,
Data Engineer,441,Why Software Engineers Get ZERO Job Interviews | Recruiter Reviews Resume - YouTube,July 21st 2026,,
Full Stack Developer,440,What a GARBAGE Software Engineer Resume Looks Like | Recruiter Reviews Resume - YouTube,July 20th 2026,,
Machine Learning engineer,440,What a GARBAGE Software Engineer Resume Looks Like | Recruiter Reviews Resume - YouTube,July 20th 2026,,
Quantitative Researcher,440,What a GARBAGE Software Engineer Resume Looks Like | Recruiter Reviews Resume - YouTube,July 20th 2026,,
Backend Software Engineer,440,What a GARBAGE Software Engineer Resume Looks Like | Recruiter Reviews Resume - YouTube,July 20th 2026,,
Student Research Assistant (AI/CV),440,What a GARBAGE Software Engineer Resume Looks Like | Recruiter Reviews Resume - YouTube,July 20th 2026,,
Software Engineering Intern,439,How to Get a Software Engineer Internship Job at Amazon and Microsoft | Recruiter Reviews Resume - YouTube,July 17th 2026,,
Security Engineer intern,439,How to Get a Software Engineer Internship Job at Amazon and Microsoft | Recruiter Reviews Resume - YouTube,July 17th 2026,,
Unity Developer,439,How to Get a Software Engineer Internship Job at Amazon and Microsoft | Recruiter Reviews Resume - YouTube,July 17th 2026,,
Backend Python Engineer,439,How to Get a Software Engineer Internship Job at Amazon and Microsoft | Recruiter Reviews Resume - YouTube,July 17th 2026,,
fpga engineer,439,How to Get a Software Engineer Internship Job at Amazon and Microsoft | Recruiter Reviews Resume - YouTube,July 17th 2026,,
Backend Software Engineer,438,What a GARBAGE Software Engineer Resume Looks Like | Recruiter Reviews Resume - YouTube,July 16th 2026,,
Java backend engineer,438,What a GARBAGE Software Engineer Resume Looks Like | Recruiter Reviews Resume - YouTube,July 16th 2026,,
"Product Engineering (New Product introduction Engineer, Launch engineer).",438,What a GARBAGE Software Engineer Resume Looks Like | Recruiter Reviews Resume - YouTube,July 16th 2026,,
Backend Engineer C#/.NET (Also targeting Fullstack because more job postings),438,What a GARBAGE Software Engineer Resume Looks Like | Recruiter Reviews Resume - YouTube,July 16th 2026,,
Software engineer Intern,438,What a GARBAGE Software Engineer Resume Looks Like | Recruiter Reviews Resume - YouTube,July 16th 2026,,
Data Scientist,437,Data Scientist Applied to OVER 1000 Jobs and is Still Unemployed | Recruiter Reviews Resume - YouTube,July 15th 2026,,
DevOps Intern,437,Data Scientist Applied to OVER 1000 Jobs and is Still Unemployed | Recruiter Reviews Resume - YouTube,July 15th 2026,,
admin/proj coord,437,Data Scientist Applied to OVER 1000 Jobs and is Still Unemployed | Recruiter Reviews Resume - YouTube,July 15th 2026,,
Junior Data Analyst,437,Data Scientist Applied to OVER 1000 Jobs and is Still Unemployed | Recruiter Reviews Resume - YouTube,July 15th 2026,,
Junior Software Engineer (Full stack),437,Data Scientist Applied to OVER 1000 Jobs and is Still Unemployed | Recruiter Reviews Resume - YouTube,July 15th 2026,Good Resume,
Backend Engineer,436,Why this Software Engineer Has Been UNEMPLOYED Since 2025 | Recruiter Reviews Resume - YouTube,July 14th 2026,,
Data Engineer,436,Why this Software Engineer Has Been UNEMPLOYED Since 2025 | Recruiter Reviews Resume - YouTube,July 14th 2026,,
Data Engineer,436,Why this Software Engineer Has Been UNEMPLOYED Since 2025 | Recruiter Reviews Resume - YouTube,July 14th 2026,,
Cyber Security Analayst,436,Why this Software Engineer Has Been UNEMPLOYED Since 2025 | Recruiter Reviews Resume - YouTube,July 14th 2026,,
Full Stack Software developer,436,Why this Software Engineer Has Been UNEMPLOYED Since 2025 | Recruiter Reviews Resume - YouTube,July 14th 2026,,
Software Engineering Intern,435,Why Intern Jobs REFUSE to Hire You | Recruiter Reviews Resume - YouTube,July 13th 2026,,
Fullstack Software Engineer,435,Why Intern Jobs REFUSE to Hire You | Recruiter Reviews Resume - YouTube,July 13th 2026,,
.NET Developer,435,Why Intern Jobs REFUSE to Hire You | Recruiter Reviews Resume - YouTube,July 13th 2026,,
Software Engineer,435,Why Intern Jobs REFUSE to Hire You | Recruiter Reviews Resume - YouTube,July 13th 2026,,
Customer Support Agent,435,Why Intern Jobs REFUSE to Hire You | Recruiter Reviews Resume - YouTube,July 13th 2026,,
Software Engineer,434,Software Engineers GARBAGE Resume Stops them from Getting a Job,July 10th 2026,,
Business Systems Analyst,434,Software Engineers GARBAGE Resume Stops them from Getting a Job,July 10th 2026,,
"Full Stack Engineer Internship, Backend Engineer Internship, IT Services Internship",434,Software Engineers GARBAGE Resume Stops them from Getting a Job,July 10th 2026,,
Junior Software Engineer,434,Software Engineers GARBAGE Resume Stops them from Getting a Job,July 10th 2026,,
AI/ML Intern,434,Software Engineers GARBAGE Resume Stops them from Getting a Job,July 10th 2026,,
Backend/ AI Engineer,432,AI Engineer Is NEVER Getting Into Amazon With This Resume,July 9th 2026,,
Frontend Developer,432,AI Engineer Is NEVER Getting Into Amazon With This Resume,July 9th 2026,,
Frontend Developer,432,AI Engineer Is NEVER Getting Into Amazon With This Resume,July 9th 2026,,
Fullstack Engineer,432,AI Engineer Is NEVER Getting Into Amazon With This Resume,July 9th 2026,,
FullStack Zheng5005,432,AI Engineer Is NEVER Getting Into Amazon With This Resume,July 9th 2026,,
Software Engineer,431,Why YOU Can't Get a Software Engineer Job | Recruiter Reviews Resume - YouTube,July 8th 2026,,
Software Engineer New Grad,431,Why YOU Can't Get a Software Engineer Job | Recruiter Reviews Resume - YouTube,July 8th 2026,,
Junior Software Engineer,431,Why YOU Can't Get a Software Engineer Job | Recruiter Reviews Resume - YouTube,July 8th 2026,,
C#/.NET Software Engineer,431,Why YOU Can't Get a Software Engineer Job | Recruiter Reviews Resume - YouTube,July 8th 2026,,
Backend Software Engineer,431,Why YOU Can't Get a Software Engineer Job | Recruiter Reviews Resume - YouTube,July 8th 2026,,
Software Engineer,430,What a GARBAGE Software Engineer Resume Looks Like | Recruiter Reviews Resume - YouTube,July 7th 2026,,
Software Engineer Intern,430,What a GARBAGE Software Engineer Resume Looks Like | Recruiter Reviews Resume - YouTube,July 7th 2026,,
SWE intern (fullstack or frontend),430,What a GARBAGE Software Engineer Resume Looks Like | Recruiter Reviews Resume - YouTube,July 7th 2026,,
Front end,430,What a GARBAGE Software Engineer Resume Looks Like | Recruiter Reviews Resume - YouTube,July 7th 2026,,
Software Engineer Intern,430,What a GARBAGE Software Engineer Resume Looks Like | Recruiter Reviews Resume - YouTube,July 7th 2026,,
Full Stack Software Engineer,429,Software Engineer Jobs Need Hamburgers | Recruiter Reviews Resume - YouTube,July 6th 2026,,
Cloud Engineer,429,Software Engineer Jobs Need Hamburgers | Recruiter Reviews Resume - YouTube,July 6th 2026,,
IT Support Specialist / Helpdesk,429,Software Engineer Jobs Need Hamburgers | Recruiter Reviews Resume - YouTube,July 6th 2026,,
Full Stack Software Engineer,429,Software Engineer Jobs Need Hamburgers | Recruiter Reviews Resume - YouTube,July 6th 2026,Solid Resume,
AI Engineer Intern,429,Software Engineer Jobs Need Hamburgers | Recruiter Reviews Resume - YouTube,July 6th 2026,Solid Resume,
Software Engineer Intern,428,Software Engineer Intern Jobs LOVE This | Recruiter Reviews Resume - YouTube,July 3rd 2026,Good ,
Data Engineer,428,Software Engineer Intern Jobs LOVE This | Recruiter Reviews Resume - YouTube,July 3rd 2026,,
SWE intern,428,Software Engineer Intern Jobs LOVE This | Recruiter Reviews Resume - YouTube,July 3rd 2026,Good,
Embebbed Systems Entry level - Victor,428,Software Engineer Intern Jobs LOVE This | Recruiter Reviews Resume - YouTube,July 3rd 2026,,
Junior DevOps/Cloud Engineer,428,Software Engineer Intern Jobs LOVE This | Recruiter Reviews Resume - YouTube,July 3rd 2026,,
Full-stack Software Engineer,427,Harsh Truths Software Engineers Need to Know to Get a Job | Recruiter Reviews Resume - YouTube,July 2nd 2026,,
Software Engineer,427,Harsh Truths Software Engineers Need to Know to Get a Job | Recruiter Reviews Resume - YouTube,July 2nd 2026,,
Cloud Support Engineer,427,Harsh Truths Software Engineers Need to Know to Get a Job | Recruiter Reviews Resume - YouTube,July 2nd 2026,,
Java backend intern EU updated,427,Harsh Truths Software Engineers Need to Know to Get a Job | Recruiter Reviews Resume - YouTube,July 2nd 2026,,
"Full Stack Engineer Internship, Backend Engineer Internship, IT Services Internship",427,Harsh Truths Software Engineers Need to Know to Get a Job | Recruiter Reviews Resume - YouTube,July 2nd 2026,,
Data Engineer,426,Why Data Engineers Can't Get Jobs | Recruiter Reviews Resume - YouTube,July 1st 2026,,
Junior Fullstack Software Developer,426,Why Data Engineers Can't Get Jobs | Recruiter Reviews Resume - YouTube,July 1st 2026,,
Frontend or Full-stack,426,Why Data Engineers Can't Get Jobs | Recruiter Reviews Resume - YouTube,July 1st 2026,,
SWE INTERN,426,Why Data Engineers Can't Get Jobs | Recruiter Reviews Resume - YouTube,July 1st 2026,,
Full stack (javascript and python,426,Why Data Engineers Can't Get Jobs | Recruiter Reviews Resume - YouTube,July 1st 2026,,
Backend Developer Full Stack,425,Why Software Engineer Jobs Reject You | Recruiter Reviews Resume - YouTube,June 30th 2026,,
Actuarial Analyst,425,Why Software Engineer Jobs Reject You | Recruiter Reviews Resume - YouTube,June 30th 2026,,
Fullstack,425,Why Software Engineer Jobs Reject You | Recruiter Reviews Resume - YouTube,June 30th 2026,,
Backend software engineer,425,Why Software Engineer Jobs Reject You | Recruiter Reviews Resume - YouTube,June 30th 2026,,
Full Stack Software Engineer,425,Why Software Engineer Jobs Reject You | Recruiter Reviews Resume - YouTube,June 30th 2026,,
Backend AI Engineer,424,Why AI Software Engineers CAN'T Get Jobs | Recruiter Reviews Resume - YouTube,June 29th 2026,,
Fullstack Intern (specifically Go or typescript for the backend),424,Why AI Software Engineers CAN'T Get Jobs | Recruiter Reviews Resume - YouTube,June 29th 2026,,
Data Analyst,424,Why AI Software Engineers CAN'T Get Jobs | Recruiter Reviews Resume - YouTube,June 29th 2026,,
Swe intern,424,Why AI Software Engineers CAN'T Get Jobs | Recruiter Reviews Resume - YouTube,June 29th 2026,,
Software Engineer Intern FullStack,424,Why AI Software Engineers CAN'T Get Jobs | Recruiter Reviews Resume - YouTube,June 29th 2026,,
ML Engineer or AI Engineer Intern,423,How to Get an AI Engineer Internship | Recruiter Reviews Resume - YouTube,June 26th 2026,,
Software Engineering Intern,423,How to Get an AI Engineer Internship | Recruiter Reviews Resume - YouTube,June 26th 2026,,
Full stack developer,423,How to Get an AI Engineer Internship | Recruiter Reviews Resume - YouTube,June 26th 2026,,
Software engineer / Backend engineer,423,How to Get an AI Engineer Internship | Recruiter Reviews Resume - YouTube,June 26th 2026,,
Ai/ML Engineer,423,How to Get an AI Engineer Internship | Recruiter Reviews Resume - YouTube,June 26th 2026,,
Software/AI  Engineer,422,Why AI Engineer Jobs REJECT You | Recruiter Reviews Resume - YouTube,June 25th 2026,,
SWE intern,422,Why AI Engineer Jobs REJECT You | Recruiter Reviews Resume - YouTube,June 25th 2026,,
Financial Analyst,422,Why AI Engineer Jobs REJECT You | Recruiter Reviews Resume - YouTube,June 25th 2026,,
Software Engineer,422,Why AI Engineer Jobs REJECT You | Recruiter Reviews Resume - YouTube,June 25th 2026,,
AI Engineer/Data Scientist Intern,422,Why AI Engineer Jobs REJECT You | Recruiter Reviews Resume - YouTube,June 25th 2026,,
Software Engineer Full Stack+ Data Engineering,421,Why Software Engineers FAIL to Get Jobs | Recruiter Reviews Resume - YouTube,June 24th 2026,,
Ai Engineer,421,Why Software Engineers FAIL to Get Jobs | Recruiter Reviews Resume - YouTube,June 24th 2026,,
Sr. Java Developer,421,Why Software Engineers FAIL to Get Jobs | Recruiter Reviews Resume - YouTube,June 24th 2026,,
Junior/Mid level Fullstack Software Developer,421,Why Software Engineers FAIL to Get Jobs | Recruiter Reviews Resume - YouTube,June 24th 2026,,
Backend python,421,Why Software Engineers FAIL to Get Jobs | Recruiter Reviews Resume - YouTube,June 24th 2026,,
Machine Learning Engineer,420,Software Engineer JOBS Don't Want This | Recruiter Reviews Resume - YouTube,June 23rd 2026,,
Backend Software Engineer,420,Software Engineer JOBS Don't Want This | Recruiter Reviews Resume - YouTube,June 23rd 2026,,
Backend Engineer (C#/.NET),420,Software Engineer JOBS Don't Want This | Recruiter Reviews Resume - YouTube,June 23rd 2026,,
Fullstack Software Developer,420,Software Engineer JOBS Don't Want This | Recruiter Reviews Resume - YouTube,June 23rd 2026,,
Fullstack Engineer,420,Software Engineer JOBS Don't Want This | Recruiter Reviews Resume - YouTube,June 23rd 2026,,
Backend Engineer,419,Software Engineer JOBS Don't Want This | Recruiter Reviews Resume - YouTube,June 22nd 2026,,
Fullstack Java,419,Software Engineer JOBS Don't Want This | Recruiter Reviews Resume - YouTube,June 22nd 2026,,
fpga engineer,419,Software Engineer JOBS Don't Want This | Recruiter Reviews Resume - YouTube,June 22nd 2026,,
IT Support,419,Software Engineer JOBS Don't Want This | Recruiter Reviews Resume - YouTube,June 22nd 2026,,
Software Engineer,419,Software Engineer JOBS Don't Want This | Recruiter Reviews Resume - YouTube,June 22nd 2026,,
Data Analyst,418,Data Analyst FAILED To Get a Job For Over 2 Years | Recruiter Reviews Resume - YouTube,June 19th 2026,,
AI Engineer Intern,418,Data Analyst FAILED To Get a Job For Over 2 Years | Recruiter Reviews Resume - YouTube,June 19th 2026,,
Full Stack Software Engineer,418,Data Analyst FAILED To Get a Job For Over 2 Years | Recruiter Reviews Resume - YouTube,June 19th 2026,,
Engineer Intern,418,Data Analyst FAILED To Get a Job For Over 2 Years | Recruiter Reviews Resume - YouTube,June 19th 2026,Very Good,
Embedded,418,Data Analyst FAILED To Get a Job For Over 2 Years | Recruiter Reviews Resume - YouTube,June 19th 2026,,
New Grad Software Engineer,417,Software Engineer Gets ZERO Interviews in Over a 1000 Jobs Applications | Recruiter Reviews Resume - YouTube,June 18th 2026,,
Embedded system intern,417,Software Engineer Gets ZERO Interviews in Over a 1000 Jobs Applications | Recruiter Reviews Resume - YouTube,June 18th 2026,,
Software engineer,417,Software Engineer Gets ZERO Interviews in Over a 1000 Jobs Applications | Recruiter Reviews Resume - YouTube,June 18th 2026,,
Fullstack Intern (specifically Go or typescript for the backend),417,Software Engineer Gets ZERO Interviews in Over a 1000 Jobs Applications | Recruiter Reviews Resume - YouTube,June 18th 2026,,
Software Engineer - python fullstack,417,Software Engineer Gets ZERO Interviews in Over a 1000 Jobs Applications | Recruiter Reviews Resume - YouTube,June 18th 2026,,
Full Stack Developer,416,Why New Grad Software Engineers Can't Get Jobs | Recruiter Reviews Resume - YouTube,June 17th 2026,,
"Manager/Director Customer Operations/Support etc.,",416,Why New Grad Software Engineers Can't Get Jobs | Recruiter Reviews Resume - YouTube,June 17th 2026,,
Software Quality Engineer,416,Why New Grad Software Engineers Can't Get Jobs | Recruiter Reviews Resume - YouTube,June 17th 2026,,
Software Engineer/ FullStack,416,Why New Grad Software Engineers Can't Get Jobs | Recruiter Reviews Resume - YouTube,June 17th 2026,,
Data Engineer or Data Analysis,416,Why New Grad Software Engineers Can't Get Jobs | Recruiter Reviews Resume - YouTube,June 17th 2026,,
"Java SWE, or any SWE",415,What a GARBAGE Software Engineer Resume Looks Like | Recruiter Reviews Resume - YouTube,June 16th 2026,,
Java Backend SDE,415,What a GARBAGE Software Engineer Resume Looks Like | Recruiter Reviews Resume - YouTube,June 16th 2026,,
INTERIOR DESIGNER,415,What a GARBAGE Software Engineer Resume Looks Like | Recruiter Reviews Resume - YouTube,June 16th 2026,,
System Admin/ Desktop Support Engineer,415,What a GARBAGE Software Engineer Resume Looks Like | Recruiter Reviews Resume - YouTube,June 16th 2026,,
Software Engineer,415,What a GARBAGE Software Engineer Resume Looks Like | Recruiter Reviews Resume - YouTube,June 16th 2026,,
Machine Learning Engineer - Focus on Large Language Models and Agentic AI,414,You CAN'T Get a Job | Recruiter Reviews Resume - YouTube,June 15th 2026,,
Full Stack developer,414,You CAN'T Get a Job | Recruiter Reviews Resume - YouTube,June 15th 2026,,
Data Engineer Entry Level,414,You CAN'T Get a Job | Recruiter Reviews Resume - YouTube,June 15th 2026,,
Invest Banking Analyst,414,You CAN'T Get a Job | Recruiter Reviews Resume - YouTube,June 15th 2026,,
Software Engineer,414,You CAN'T Get a Job | Recruiter Reviews Resume - YouTube,June 15th 2026,,
Data Analyst,413,Why Machine Learning Engineers CAN'T Get Jobs | Recruiter Reviews Resume - YouTube,June 12th 2026,,
Product (UI/UX) Design Intern,413,Why Machine Learning Engineers CAN'T Get Jobs | Recruiter Reviews Resume - YouTube,June 12th 2026,,
Fullstack Developer,413,Why Machine Learning Engineers CAN'T Get Jobs | Recruiter Reviews Resume - YouTube,June 12th 2026,,
Embeded system intern/ swe intern,413,Why Machine Learning Engineers CAN'T Get Jobs | Recruiter Reviews Resume - YouTube,June 12th 2026,,
Fullstack Software Developer,413,Why Machine Learning Engineers CAN'T Get Jobs | Recruiter Reviews Resume - YouTube,June 12th 2026,,
Senior Software Engineer (AI + Backend + Frontend),412,Why Software Engineers CAN'T Get Jobs | Recruiter Reviews Resume - YouTube,June 11th 2026,,
Senior Sofware or Fullstack Engineer,412,Why Software Engineers CAN'T Get Jobs | Recruiter Reviews Resume - YouTube,June 11th 2026,,
"Staff/Senior Accountant, Internal Auditor, FP&A, Financial Analyst",412,Why Software Engineers CAN'T Get Jobs | Recruiter Reviews Resume - YouTube,June 11th 2026,,
AI/ML Engineer,412,Why Software Engineers CAN'T Get Jobs | Recruiter Reviews Resume - YouTube,June 11th 2026,,
Data Engineer,412,Why Software Engineers CAN'T Get Jobs | Recruiter Reviews Resume - YouTube,June 11th 2026,,
Software Developer,411,Software Engineer Became HOMELESS Because of this Resume | Recruiter Reviews Resume - YouTube,June 10th 2026,,
FullStack Software Engineer,411,Software Engineer Became HOMELESS Because of this Resume | Recruiter Reviews Resume - YouTube,June 10th 2026,,
ML engineer,411,Software Engineer Became HOMELESS Because of this Resume | Recruiter Reviews Resume - YouTube,June 10th 2026,,
Financial Analyst,411,Software Engineer Became HOMELESS Because of this Resume | Recruiter Reviews Resume - YouTube,June 10th 2026,,
AI Engineer,411,Software Engineer Became HOMELESS Because of this Resume | Recruiter Reviews Resume - YouTube,June 10th 2026,,
Embedded Software Engineer,410,Why Embedded Software Engineers Can't Get Jobs | Recruiter Reviews Resume - YouTube,June 9th 2026,,
Software Engineer Intern,410,Why Embedded Software Engineers Can't Get Jobs | Recruiter Reviews Resume - YouTube,June 9th 2026,,
Embedded systems / firmware engineer,410,Why Embedded Software Engineers Can't Get Jobs | Recruiter Reviews Resume - YouTube,June 9th 2026,,
Entry Level DevOps Engineer,410,Why Embedded Software Engineers Can't Get Jobs | Recruiter Reviews Resume - YouTube,June 9th 2026,,
Senior DevOps ENgineer,410,Why Embedded Software Engineers Can't Get Jobs | Recruiter Reviews Resume - YouTube,June 9th 2026,,
Fullstack Software Developer,410,Why Embedded Software Engineers Can't Get Jobs | Recruiter Reviews Resume - YouTube,June 9th 2026,,
Software Engineer Internship,410,Why Embedded Software Engineers Can't Get Jobs | Recruiter Reviews Resume - YouTube,June 9th 2026,,
Junior/Entry Level Full Stack Engineer or SDE 1 Role,410,Why Embedded Software Engineers Can't Get Jobs | Recruiter Reviews Resume - YouTube,June 9th 2026,,
Software Engineer,409,"Why Unemployed Software Engineers CAN""T Get Jobs | Recruiter Reviews Resume - YouTube",June 8th 2026,,
Software Engineer Intern,409,"Why Unemployed Software Engineers CAN""T Get Jobs | Recruiter Reviews Resume - YouTube",June 8th 2026,,
Security Analyst,409,"Why Unemployed Software Engineers CAN""T Get Jobs | Recruiter Reviews Resume - YouTube",June 8th 2026,,
IT Help Desk,409,"Why Unemployed Software Engineers CAN""T Get Jobs | Recruiter Reviews Resume - YouTube",June 8th 2026,,
Sr. Java Developer,409,"Why Unemployed Software Engineers CAN""T Get Jobs | Recruiter Reviews Resume - YouTube",June 8th 2026,,
Embedded Systems/Software Engineer Intern,408,How Embedded Software Engineers Get Jobs | Recruiter Reviews Resume - YouTube,June 5th 2026,,
fullstack developer,408,How Embedded Software Engineers Get Jobs | Recruiter Reviews Resume - YouTube,June 5th 2026,,
Full stack,408,How Embedded Software Engineers Get Jobs | Recruiter Reviews Resume - YouTube,June 5th 2026,,
Business Analyst,408,How Embedded Software Engineers Get Jobs | Recruiter Reviews Resume - YouTube,June 5th 2026,,
Fullstack Developer,408,How Embedded Software Engineers Get Jobs | Recruiter Reviews Resume - YouTube,June 5th 2026,,
"Fullstack, Backend new-grad SDE",407,What New Grad Software Engineer JOBS Need | Recruiter Reviews Resume - YouTube,June 4th 2026,,
(Your_SavouR)Jr Backend Software Developer (Node.js),407,What New Grad Software Engineer JOBS Need | Recruiter Reviews Resume - YouTube,June 4th 2026,,
Blockchain Engineer,407,What New Grad Software Engineer JOBS Need | Recruiter Reviews Resume - YouTube,June 4th 2026,,
Software Engineer Intern,407,What New Grad Software Engineer JOBS Need | Recruiter Reviews Resume - YouTube,June 4th 2026,,
Emebebbed jr ------ Victor Kelly,407,What New Grad Software Engineer JOBS Need | Recruiter Reviews Resume - YouTube,June 4th 2026,,
Backend developer,406,Software Engineer JOBS Don't Care | Recruiter Reviews Resume - YouTube,June 3rd 2026,,
Fullstack Software developer,406,Software Engineer JOBS Don't Care | Recruiter Reviews Resume - YouTube,June 3rd 2026,,
Fullstack,406,Software Engineer JOBS Don't Care | Recruiter Reviews Resume - YouTube,June 3rd 2026,,
Frontend Engineer,406,Software Engineer JOBS Don't Care | Recruiter Reviews Resume - YouTube,June 3rd 2026,,
Software Engineer Intern,406,Software Engineer JOBS Don't Care | Recruiter Reviews Resume - YouTube,June 3rd 2026,,
AI/ML Intern/Enginner,405,AI Engineer Is NEVER Getting an Amazon Job with this Resume,June 2nd 2026,,
I.T. Support Help Desk,405,AI Engineer Is NEVER Getting an Amazon Job with this Resume,June 2nd 2026,,
Software Engineer II (Java/.Python),405,AI Engineer Is NEVER Getting an Amazon Job with this Resume,June 2nd 2026,,
Suhas,405,AI Engineer Is NEVER Getting an Amazon Job with this Resume,June 2nd 2026,,
Software Engineering Intern,405,AI Engineer Is NEVER Getting an Amazon Job with this Resume,June 2nd 2026,,
Full Stack Software Engineer,404,Why Software Engineer JOBS Reject You | Recruiter Reviews Resume - YouTube,June 1st 2026,,
Full Stack Engineer,404,Why Software Engineer JOBS Reject You | Recruiter Reviews Resume - YouTube,June 1st 2026,,
fpga engineer,404,Why Software Engineer JOBS Reject You | Recruiter Reviews Resume - YouTube,June 1st 2026,,
"Staff/Senior Accountant, Internal Auditor, FP&A, Financial Analyst",404,Why Software Engineer JOBS Reject You | Recruiter Reviews Resume - YouTube,June 1st 2026,,
"Software Engineering Intern (Backend, C++/Python based)",404,Why Software Engineer JOBS Reject You | Recruiter Reviews Resume - YouTube,June 1st 2026,,
software engineer,403,Why New Grad Software Engineers CAN'T Get Jobs | Recruiter Reviews Resume - YouTube,May 29th 2026,,
Full Stack Software Engineer (C#/.NET with Angular or React),403,Why New Grad Software Engineers CAN'T Get Jobs | Recruiter Reviews Resume - YouTube,May 29th 2026,,
"Software Engineer - New Grad (Backend, Cloud)",403,Why New Grad Software Engineers CAN'T Get Jobs | Recruiter Reviews Resume - YouTube,May 29th 2026,,
Senior Software Engineer .NET,403,Why New Grad Software Engineers CAN'T Get Jobs | Recruiter Reviews Resume - YouTube,May 29th 2026,,
Software Engineer Internship,403,Why New Grad Software Engineers CAN'T Get Jobs | Recruiter Reviews Resume - YouTube,May 29th 2026,,
AI ML Engineer,402,Why AI Engineers CAN'T Get Jobs | Recruiter Reviews Resume - YouTube,May 28th 2026,,
software engineer intern,402,Why AI Engineers CAN'T Get Jobs | Recruiter Reviews Resume - YouTube,May 28th 2026,,
Staff Accountant,402,Why AI Engineers CAN'T Get Jobs | Recruiter Reviews Resume - YouTube,May 28th 2026,,
Sr SDET,402,Why AI Engineers CAN'T Get Jobs | Recruiter Reviews Resume - YouTube,May 28th 2026,,
Helpdesk Technician,402,Why AI Engineers CAN'T Get Jobs | Recruiter Reviews Resume - YouTube,May 28th 2026,,
Software Engineer ( backend ),401,Why Software Engineers CAN'T Get Jobs | Recruiter Reviews Resume - YouTube,May 27th 2026,,
Software Engineer,401,Why Software Engineers CAN'T Get Jobs | Recruiter Reviews Resume - YouTube,May 27th 2026,,
Senior Ruby on Rails + React or Ember.js Engineer - freedrull,401,Why Software Engineers CAN'T Get Jobs | Recruiter Reviews Resume - YouTube,May 27th 2026,,
Cybersecurity Analyst/Engineer,401,Why Software Engineers CAN'T Get Jobs | Recruiter Reviews Resume - YouTube,May 27th 2026,,
"Staff/Senior Accountant, Internal Auditor, FP&A, Financial Analyst",401,Why Software Engineers CAN'T Get Jobs | Recruiter Reviews Resume - YouTube,May 27th 2026,,
Full Stack Developer,400,What YOU Need to Get Software Engineer Jobs | Recruiter Reviews Resume - YouTube,May 26th 2026,,
Software Engineer Intern,400,What YOU Need to Get Software Engineer Jobs | Recruiter Reviews Resume - YouTube,May 26th 2026,,
Senior Accountant,400,What YOU Need to Get Software Engineer Jobs | Recruiter Reviews Resume - YouTube,May 26th 2026,,
Business Analyst,400,What YOU Need to Get Software Engineer Jobs | Recruiter Reviews Resume - YouTube,May 26th 2026,,
"Software Engineering Intern (Backend, C++/Python based)",400,What YOU Need to Get Software Engineer Jobs | Recruiter Reviews Resume - YouTube,May 26th 2026,,
Senior Software Engineer (fullstack/.NET),399,Software Engineer Has Been UNEMPLOYED for Over a Year | Recruiter Reviews Resume - YouTube,May 25th 2026,,
Data Scientist,399,Software Engineer Has Been UNEMPLOYED for Over a Year | Recruiter Reviews Resume - YouTube,May 25th 2026,,
Cybersecurity Engineer Intern / Cybersecurity Intern,399,Software Engineer Has Been UNEMPLOYED for Over a Year | Recruiter Reviews Resume - YouTube,May 25th 2026,,
Digital Design Engineer,399,Software Engineer Has Been UNEMPLOYED for Over a Year | Recruiter Reviews Resume - YouTube,May 25th 2026,,
Software Backend Intern,399,Software Engineer Has Been UNEMPLOYED for Over a Year | Recruiter Reviews Resume - YouTube,May 25th 2026,,
full stack web developer,398,Why Software Engineers GARBAGE Resume Gets them Rejected from Jobs,May 22nd 2026,,
Entry/Junior Backend Software Engineer (jugodelicioso),398,Why Software Engineers GARBAGE Resume Gets them Rejected from Jobs,May 22nd 2026,,
Cybersecurity Engineer,398,Why Software Engineers GARBAGE Resume Gets them Rejected from Jobs,May 22nd 2026,,
Full-Stack Software Engineer,398,Why Software Engineers GARBAGE Resume Gets them Rejected from Jobs,May 22nd 2026,,
Python Backend Developer,398,Why Software Engineers GARBAGE Resume Gets them Rejected from Jobs,May 22nd 2026,,
Data Analyst,397,Data Analyst has an AMAZING Resume | Recruiter Reviews Resume - YouTube,May 21st 2026,,
Project Coordinator,397,Data Analyst has an AMAZING Resume | Recruiter Reviews Resume - YouTube,May 21st 2026,,
Java backend,397,Data Analyst has an AMAZING Resume | Recruiter Reviews Resume - YouTube,May 21st 2026,,
Full Stack Software Developer,397,Data Analyst has an AMAZING Resume | Recruiter Reviews Resume - YouTube,May 21st 2026,,
Backend Software Engineer,397,Data Analyst has an AMAZING Resume | Recruiter Reviews Resume - YouTube,May 21st 2026,,
"Staff/Senior Accountant, Internal Auditor, FP&A, Financial Analyst",397,Data Analyst has an AMAZING Resume | Recruiter Reviews Resume - YouTube,May 21st 2026,,
Business Analyst,397,Data Analyst has an AMAZING Resume | Recruiter Reviews Resume - YouTube,May 21st 2026,,
Android Developer,397,Data Analyst has an AMAZING Resume | Recruiter Reviews Resume - YouTube,May 21st 2026,,
Software Engineer Frontend,397,Data Analyst has an AMAZING Resume | Recruiter Reviews Resume - YouTube,May 21st 2026,,
Machine Learning Engineer,397,Data Analyst has an AMAZING Resume | Recruiter Reviews Resume - YouTube,May 21st 2026,,
Software Engineering intern,396,Intern Jobs Need This | Recruiter Reviews Resume - YouTube,May 20th 2026,,
Product Manager Intern,396,Intern Jobs Need This | Recruiter Reviews Resume - YouTube,May 20th 2026,,
Backend Software Engineer,396,Intern Jobs Need This | Recruiter Reviews Resume - YouTube,May 20th 2026,,
SWE intern,396,Intern Jobs Need This | Recruiter Reviews Resume - YouTube,May 20th 2026,,
Software Engineering Intern and IoT Intern,396,Intern Jobs Need This | Recruiter Reviews Resume - YouTube,May 20th 2026,,
AI Engineer,395,Why AI Engineers CAN'T Get Jobs | Recruiter Reviews Resume - YouTube,May 19th 2026,,
"Accountant/Senior Account, Internal Auditor",395,Why AI Engineers CAN'T Get Jobs | Recruiter Reviews Resume - YouTube,May 19th 2026,,
Full-stack developer,395,Why AI Engineers CAN'T Get Jobs | Recruiter Reviews Resume - YouTube,May 19th 2026,,
Software Engineer Intern,395,Why AI Engineers CAN'T Get Jobs | Recruiter Reviews Resume - YouTube,May 19th 2026,,
Data Engineer Intern,395,Why AI Engineers CAN'T Get Jobs | Recruiter Reviews Resume - YouTube,May 19th 2026,,
Full Stack Software Engineer,394,Full Stack Software Engineers Have GARBAGE Resumes | Recruiter Reviews Resume - YouTube,May 18th 2026,,
Full Stack Software Engineer,394,Full Stack Software Engineers Have GARBAGE Resumes | Recruiter Reviews Resume - YouTube,May 18th 2026,,
Full Stack Software Engineer,394,Full Stack Software Engineers Have GARBAGE Resumes | Recruiter Reviews Resume - YouTube,May 18th 2026,,
Full Stack Software Engineer,394,Full Stack Software Engineers Have GARBAGE Resumes | Recruiter Reviews Resume - YouTube,May 18th 2026,,
Full Stack Software Engineer,394,Full Stack Software Engineers Have GARBAGE Resumes | Recruiter Reviews Resume - YouTube,May 18th 2026,,
Full Stack Software Engineer,393,Software Engineer Has Nothing | Recruiter Reviews Resume - YouTube,May 15th 2026,,
Software Engineer Internship,393,Software Engineer Has Nothing | Recruiter Reviews Resume - YouTube,May 15th 2026,,
Mystery Job!,393,Software Engineer Has Nothing | Recruiter Reviews Resume - YouTube,May 15th 2026,,
Cyber Threat Intelligence Analyst,393,Software Engineer Has Nothing | Recruiter Reviews Resume - YouTube,May 15th 2026,,
Full Stack Software Developer,393,Software Engineer Has Nothing | Recruiter Reviews Resume - YouTube,May 15th 2026,,
Python Backend Developer,392,Why this Software Engineer Gets ZERO Interviews | Recruiter Reviews Resume - YouTube,May 14th 2026,,
Artificial Intelligence Engineer,392,Why this Software Engineer Gets ZERO Interviews | Recruiter Reviews Resume - YouTube,May 14th 2026,,
"Cybersecurity intern, Cloud Security intern, IT intern",392,Why this Software Engineer Gets ZERO Interviews | Recruiter Reviews Resume - YouTube,May 14th 2026,,
Frontend Engineer,392,Why this Software Engineer Gets ZERO Interviews | Recruiter Reviews Resume - YouTube,May 14th 2026,,
(Technical) Program/Project Management,392,Why this Software Engineer Gets ZERO Interviews | Recruiter Reviews Resume - YouTube,May 14th 2026,,
Cybersecurity Analyst,391,Why Cybersecurity Analysts Can't Get Jobs | Recruiter Reviews Resume - YouTube,May 13th 2026,,
Full-stack developer,391,Why Cybersecurity Analysts Can't Get Jobs | Recruiter Reviews Resume - YouTube,May 13th 2026,,
ML/AI Engineer,391,Why Cybersecurity Analysts Can't Get Jobs | Recruiter Reviews Resume - YouTube,May 13th 2026,,
Python Backend Developer,391,Why Cybersecurity Analysts Can't Get Jobs | Recruiter Reviews Resume - YouTube,May 13th 2026,,
Senior Software Engineer,391,Why Cybersecurity Analysts Can't Get Jobs | Recruiter Reviews Resume - YouTube,May 13th 2026,,
Full Stack Software Developer,390,What a DISGUSTING Software Engineer Resume Looks Like | Recruiter Reviews Resume - YouTube,May 12th 2026,,
Senior Full Stack Software Developer (JustSomeDude),390,What a DISGUSTING Software Engineer Resume Looks Like | Recruiter Reviews Resume - YouTube,May 12th 2026,,
Patient Access Coordinator I,390,What a DISGUSTING Software Engineer Resume Looks Like | Recruiter Reviews Resume - YouTube,May 12th 2026,,
Java backend,390,What a DISGUSTING Software Engineer Resume Looks Like | Recruiter Reviews Resume - YouTube,May 12th 2026,,
Data Engineer,390,What a DISGUSTING Software Engineer Resume Looks Like | Recruiter Reviews Resume - YouTube,May 12th 2026,,
Backend Developer,389,Why Software Engineers Can't Get a Job | Recruiter Reviews Resume - YouTube,May 11th 2026,,
Full Stack Software Engineer,389,Why Software Engineers Can't Get a Job | Recruiter Reviews Resume - YouTube,May 11th 2026,,
Quantitative Research Intern,389,Why Software Engineers Can't Get a Job | Recruiter Reviews Resume - YouTube,May 11th 2026,,
Data Analyst,389,Why Software Engineers Can't Get a Job | Recruiter Reviews Resume - YouTube,May 11th 2026,,
Embedded Software Engineer,389,Why Software Engineers Can't Get a Job | Recruiter Reviews Resume - YouTube,May 11th 2026,,
Entry Level Software Engineer,388,Why New Grad Software Engineers CAN'T Get Interviews | Recruiter Reviews Resume - YouTube,May 8th 2026,,
Data Scientist,388,Why New Grad Software Engineers CAN'T Get Interviews | Recruiter Reviews Resume - YouTube,May 8th 2026,,
Full Stack Software Engineer,388,Why New Grad Software Engineers CAN'T Get Interviews | Recruiter Reviews Resume - YouTube,May 8th 2026,,
AI Engineer,388,Why New Grad Software Engineers CAN'T Get Interviews | Recruiter Reviews Resume - YouTube,May 8th 2026,,
Full Stack Software Engineer,388,Why New Grad Software Engineers CAN'T Get Interviews | Recruiter Reviews Resume - YouTube,May 8th 2026,,
Software Engineer (Java),387,Software Engineer Gets ZERO Interviews in 200 Applications | Recruiter Reviews Resume - YouTube,May 7th 2026,,
"GIS Intern",387,Software Engineer Gets ZERO Interviews in 200 Applications | Recruiter Reviews Resume - YouTube,May 7th 2026,,
Full Stack Software Engineer,387,Software Engineer Gets ZERO Interviews in 200 Applications | Recruiter Reviews Resume - YouTube,May 7th 2026,,
Business Analyst,387,Software Engineer Gets ZERO Interviews in 200 Applications | Recruiter Reviews Resume - YouTube,May 7th 2026,,
"Full Stack Software Engineer
",387,Software Engineer Gets ZERO Interviews in 200 Applications | Recruiter Reviews Resume - YouTube,May 7th 2026,,
New Grad Software Engineer,386,Software Engineer Has Not Gotten a SINGLE Interview Since 2024 | Recruiter Reviews Resume - YouTube,May 6th 2026,,
"Software Engineer Intern
",386,Software Engineer Has Not Gotten a SINGLE Interview Since 2024 | Recruiter Reviews Resume - YouTube,May 6th 2026,,
Data Analyst,386,Software Engineer Has Not Gotten a SINGLE Interview Since 2024 | Recruiter Reviews Resume - YouTube,May 6th 2026,Great I love it,
Software Engineer Intern OR Machine earning Engineer Intern ,386,Software Engineer Has Not Gotten a SINGLE Interview Since 2024 | Recruiter Reviews Resume - YouTube,May 6th 2026,,
,386,Software Engineer Has Not Gotten a SINGLE Interview Since 2024 | Recruiter Reviews Resume - YouTube,May 6th 2026,,
Full Stack Software Developer,385,Software Engineers GARBAGE Resume Gets ZERO Interviews in 6 Months,May 5th 2026,,
Data Engineer,385,Software Engineers GARBAGE Resume Gets ZERO Interviews in 6 Months,May 5th 2026,,
Data Analyst,385,Software Engineers GARBAGE Resume Gets ZERO Interviews in 6 Months,May 5th 2026,,
Python Backend Developer (Python | FastAPI | SQLAlchemy),385,Software Engineers GARBAGE Resume Gets ZERO Interviews in 6 Months,May 5th 2026,,
"Backend Java Developer",385,Software Engineers GARBAGE Resume Gets ZERO Interviews in 6 Months,May 5th 2026,,
Software Engineering Intern,384,How I Got This Software Engineer Intern Interviews! | Recruiter Reviews Resume - YouTube,May 4th 2026,Good Resume could be improved though,
"Help Desk, Software Support Specialist",384,How I Got This Software Engineer Intern Interviews! | Recruiter Reviews Resume - YouTube,May 4th 2026,C- Resume,
Software Engineering Intern,384,How I Got This Software Engineer Intern Interviews! | Recruiter Reviews Resume - YouTube,May 4th 2026,,
Data Engineer,384,How I Got This Software Engineer Intern Interviews! | Recruiter Reviews Resume - YouTube,May 4th 2026,1 in 50 Resume,
Machine Learning Engineer,384,How I Got This Software Engineer Intern Interviews! | Recruiter Reviews Resume - YouTube,May 4th 2026,,
Data Analyst,383,Data Analyst Used to Get REJECTED from Jobs Until They Did This | Recruiter Reviews Resume - YouTube,May 1st 2026,"Great resume, gets 1 in 25 applications",
Help Desk,383,Data Analyst Used to Get REJECTED from Jobs Until They Did This | Recruiter Reviews Resume - YouTube,May 1st 2026,,
"Full Stack Engineer
",383,Data Analyst Used to Get REJECTED from Jobs Until They Did This | Recruiter Reviews Resume - YouTube,May 1st 2026,,
Data Analyst,383,Data Analyst Used to Get REJECTED from Jobs Until They Did This | Recruiter Reviews Resume - YouTube,May 1st 2026,,
AI Engineer,383,Data Analyst Used to Get REJECTED from Jobs Until They Did This | Recruiter Reviews Resume - YouTube,May 1st 2026,,
Software Engineer,382,The Reason Entry Level Software Engineers Can't Get JOBS | Recruiter Reviews Resume - YouTube,April 30th 2026,,
Java Backend Dev,382,The Reason Entry Level Software Engineers Can't Get JOBS | Recruiter Reviews Resume - YouTube,April 30th 2026,,
Full stack developer Or Backend Developer or Frontend Developer,382,The Reason Entry Level Software Engineers Can't Get JOBS | Recruiter Reviews Resume - YouTube,April 30th 2026,,
Sr Front-end Software Engineer,382,The Reason Entry Level Software Engineers Can't Get JOBS | Recruiter Reviews Resume - YouTube,April 30th 2026,,
Software Engineer Intern,382,The Reason Entry Level Software Engineers Can't Get JOBS | Recruiter Reviews Resume - YouTube,April 30th 2026,,
"Data Engineer",381,Why Data Engineer JOBS Reject You | Recruiter Reviews Resume - YouTube,April 29th 2026,,
Business Analyst Intern,381,Why Data Engineer JOBS Reject You | Recruiter Reviews Resume - YouTube,April 29th 2026,,
Full-stack developer,381,Why Data Engineer JOBS Reject You | Recruiter Reviews Resume - YouTube,April 29th 2026,,
Full-stack developer (Intern),381,Why Data Engineer JOBS Reject You | Recruiter Reviews Resume - YouTube,April 29th 2026,,
,381,Why Data Engineer JOBS Reject You | Recruiter Reviews Resume - YouTube,April 29th 2026,,
Full-Stack Software Engineer,380,Why Software Engineers Get Zero JOB Interviews | Recruiter Reviews Resume - YouTube,April 28th 2026,,
Full-Stack Software Engineer,380,Why Software Engineers Get Zero JOB Interviews | Recruiter Reviews Resume - YouTube,April 28th 2026,,
SOC Analyst,380,Why Software Engineers Get Zero JOB Interviews | Recruiter Reviews Resume - YouTube,April 28th 2026,,
"Full Stack Software Engineer",380,Why Software Engineers Get Zero JOB Interviews | Recruiter Reviews Resume - YouTube,April 28th 2026,,
"Data Engineer",380,Why Software Engineers Get Zero JOB Interviews | Recruiter Reviews Resume - YouTube,April 28th 2026,,
Data Analyst,379,Data Analyst Jobs Need This or They REJECT You | Recruiter Reviews Resume - YouTube,April 27th 2026,,
Data Analyst,379,Data Analyst Jobs Need This or They REJECT You | Recruiter Reviews Resume - YouTube,April 27th 2026,,
Backend Junior Python Developer,379,Data Analyst Jobs Need This or They REJECT You | Recruiter Reviews Resume - YouTube,April 27th 2026,,
Software Engineer? Embedded? ,379,Data Analyst Jobs Need This or They REJECT You | Recruiter Reviews Resume - YouTube,April 27th 2026,,
Full Stack Engineer,379,Data Analyst Jobs Need This or They REJECT You | Recruiter Reviews Resume - YouTube,April 27th 2026,,
Software Engineering Intern,378,What Software Engineer Interns NEED To Get Jobs | Recruiter Reviews Resume - YouTube,April 24th 2026,,
Product Manager,378,What Software Engineer Interns NEED To Get Jobs | Recruiter Reviews Resume - YouTube,April 24th 2026,,
Full Stack SWE,378,What Software Engineer Interns NEED To Get Jobs | Recruiter Reviews Resume - YouTube,April 24th 2026,,
Python Software Engineer,378,What Software Engineer Interns NEED To Get Jobs | Recruiter Reviews Resume - YouTube,April 24th 2026,,
Senior Fullstack Engineer,378,What Software Engineer Interns NEED To Get Jobs | Recruiter Reviews Resume - YouTube,April 24th 2026,,
Embedded Software Engineer,377,Why Embedded Software Engineers Can't Get Jobs | Recruiter Reviews Resume - YouTube,April 23rd 2026,One FANTASTIC Bullet point in the resume,
Data Analyst,377,Why Embedded Software Engineers Can't Get Jobs | Recruiter Reviews Resume - YouTube,April 23rd 2026,,
Full-stack Software Developer,377,Why Embedded Software Engineers Can't Get Jobs | Recruiter Reviews Resume - YouTube,April 23rd 2026,,
Data Analyst,377,Why Embedded Software Engineers Can't Get Jobs | Recruiter Reviews Resume - YouTube,April 23rd 2026,,
Full Stack Developer,377,Why Embedded Software Engineers Can't Get Jobs | Recruiter Reviews Resume - YouTube,April 23rd 2026,,
Data Engineer,376,Data Engineer Got ZERO Interviews in Over a 1000 Jobs Applications | Recruiter Reviews Resume - YouTube,April 22nd 2026,,
SWE intern,376,Data Engineer Got ZERO Interviews in Over a 1000 Jobs Applications | Recruiter Reviews Resume - YouTube,April 22nd 2026,,
Software Engineer Intern,376,Data Engineer Got ZERO Interviews in Over a 1000 Jobs Applications | Recruiter Reviews Resume - YouTube,April 22nd 2026,,
IT Help Desk,376,Data Engineer Got ZERO Interviews in Over a 1000 Jobs Applications | Recruiter Reviews Resume - YouTube,April 22nd 2026,,
Full Stack Software Engineer,376,Data Engineer Got ZERO Interviews in Over a 1000 Jobs Applications | Recruiter Reviews Resume - YouTube,April 22nd 2026,,
Machine Learning Engineer (ML),375,Why Machine Learning Engineers Can't Get Jobs | Recruiter Reviews Resume - YouTube,April 21st 2026,,
Manufacturing Engineer,375,Why Machine Learning Engineers Can't Get Jobs | Recruiter Reviews Resume - YouTube,April 21st 2026,,
Android Developer,375,Why Machine Learning Engineers Can't Get Jobs | Recruiter Reviews Resume - YouTube,April 21st 2026,,
Full Stack Software Engineer,375,Why Machine Learning Engineers Can't Get Jobs | Recruiter Reviews Resume - YouTube,April 21st 2026,,
Data Analyst,375,Why Machine Learning Engineers Can't Get Jobs | Recruiter Reviews Resume - YouTube,April 21st 2026,,
Software Engineer (New Grad),374,Why New Grad Software Engineers Can't Get Jobs | Recruiter Reviews Resume - YouTube,April 20th 2026,,
"Data Analyst
",374,Why New Grad Software Engineers Can't Get Jobs | Recruiter Reviews Resume - YouTube,April 20th 2026,,
Java Software Engineer,374,Why New Grad Software Engineers Can't Get Jobs | Recruiter Reviews Resume - YouTube,April 20th 2026,,
Product Manager,374,Why New Grad Software Engineers Can't Get Jobs | Recruiter Reviews Resume - YouTube,April 20th 2026,,
DevOps Engineer,374,Why New Grad Software Engineers Can't Get Jobs | Recruiter Reviews Resume - YouTube,April 20th 2026,,
Data analyst,373,Why Data Analysts Struggle to Get Jobs | Recruiter Reviews Resume - YouTube,April 17th 2026,,
"Business Analyst
",373,Why Data Analysts Struggle to Get Jobs | Recruiter Reviews Resume - YouTube,April 17th 2026,,
Full Stack Software Developer,373,Why Data Analysts Struggle to Get Jobs | Recruiter Reviews Resume - YouTube,April 17th 2026,,
Vice President ,373,Why Data Analysts Struggle to Get Jobs | Recruiter Reviews Resume - YouTube,April 17th 2026,,
"Full Stack Software Developer
",373,Why Data Analysts Struggle to Get Jobs | Recruiter Reviews Resume - YouTube,April 17th 2026,,
Fullstack Software Engineer,372,Why New Grad Software Engineers Can't Get Jobs | Recruiter Reviews Resume - YouTube,April 16th 2026,,
Data Analyst,372,Why New Grad Software Engineers Can't Get Jobs | Recruiter Reviews Resume - YouTube,April 16th 2026,,
Java Full Stack Software Engineer Developer,372,Why New Grad Software Engineers Can't Get Jobs | Recruiter Reviews Resume - YouTube,April 16th 2026,,
Data Analyst,372,Why New Grad Software Engineers Can't Get Jobs | Recruiter Reviews Resume - YouTube,April 16th 2026,,
Staff Accountant,372,Why New Grad Software Engineers Can't Get Jobs | Recruiter Reviews Resume - YouTube,April 16th 2026,Good Resume,
Data Analyst,371,Data Analyst Has a GARBAGE Resume | Recruiter Reviews Resume - YouTube,April 15th 2026,,
Software Developer Engineer(Python),371,Data Analyst Has a GARBAGE Resume | Recruiter Reviews Resume - YouTube,April 15th 2026,,
Fullstack Software Engineer,371,Data Analyst Has a GARBAGE Resume | Recruiter Reviews Resume - YouTube,April 15th 2026,,
Fullstack Software Engineer,371,Data Analyst Has a GARBAGE Resume | Recruiter Reviews Resume - YouTube,April 15th 2026,,
Data Analyst,371,Data Analyst Has a GARBAGE Resume | Recruiter Reviews Resume - YouTube,April 15th 2026,,
Java Software Engineer,370,https://youtu.be/aeoSJdrFb7U,April 14th 2026,,
C#.NET Software Engineer,370,https://youtu.be/aeoSJdrFb7U,April 14th 2026,,
"Financial Analys
",370,https://youtu.be/aeoSJdrFb7U,April 14th 2026,Good Resume,
Data Analyst,370,https://youtu.be/aeoSJdrFb7U,April 14th 2026,,
Data Analyst,370,https://youtu.be/aeoSJdrFb7U,April 14th 2026,Good Resume,
Software Engineer Intern,370,https://youtu.be/aeoSJdrFb7U,April 14th 2026,,
Full Stack Engineer,370,https://youtu.be/aeoSJdrFb7U,April 14th 2026,,
Full Stack Engineer,370,https://youtu.be/aeoSJdrFb7U,April 14th 2026,,
Full Stack Software Engineer,370,https://youtu.be/aeoSJdrFb7U,April 14th 2026,,
"Intern (Quality Engineer/SDET)",369,What Interns Need When Applying to Jobs | Recruiter Reviews Resume - YouTube,April 13th 2026,,
Data Analyst,369,What Interns Need When Applying to Jobs | Recruiter Reviews Resume - YouTube,April 13th 2026,,
Business Analyst,369,What Interns Need When Applying to Jobs | Recruiter Reviews Resume - YouTube,April 13th 2026,,
Data Analyst Intern,369,What Interns Need When Applying to Jobs | Recruiter Reviews Resume - YouTube,April 13th 2026,,
I.T. Support Help Desk,369,What Interns Need When Applying to Jobs | Recruiter Reviews Resume - YouTube,April 13th 2026,,
Fullstack Software Engineer,368,What Software Engineers Jobs Want (Hint: It's not this Garbage Resume),April 10th 2026,,
Full-Stack Software Engineer,368,What Software Engineers Jobs Want (Hint: It's not this Garbage Resume),April 10th 2026,,
Staff Accountant,368,What Software Engineers Jobs Want (Hint: It's not this Garbage Resume),April 10th 2026,,
Data Analyst,368,What Software Engineers Jobs Want (Hint: It's not this Garbage Resume),April 10th 2026,,
Financial Analyst,368,What Software Engineers Jobs Want (Hint: It's not this Garbage Resume),April 10th 2026,,
Data Scientist,367,How I Got this Data Scientist Interviews | Recruiter Reviews Resume - YouTube,April 9th 2026,,
Senior Fullstack Engineer,367,How I Got this Data Scientist Interviews | Recruiter Reviews Resume - YouTube,April 9th 2026,,
Software Engineer Intern,367,How I Got this Data Scientist Interviews | Recruiter Reviews Resume - YouTube,April 9th 2026,,
Backend Development Engineer (Java),367,How I Got this Data Scientist Interviews | Recruiter Reviews Resume - YouTube,April 9th 2026,,
Python Software Engineer or Java???,367,How I Got this Data Scientist Interviews | Recruiter Reviews Resume - YouTube,April 9th 2026,,
Software Engineer Java,366,Software Engineer Applied to 3000 Jobs and Got ZERO Interviews | Recruiter Reviews Resume - YouTube,April 8th 2026,,
Data Analyst,366,Software Engineer Applied to 3000 Jobs and Got ZERO Interviews | Recruiter Reviews Resume - YouTube,April 8th 2026,,
Software Engineer/Developer Intern,366,Software Engineer Applied to 3000 Jobs and Got ZERO Interviews | Recruiter Reviews Resume - YouTube,April 8th 2026,,
Product Manager,366,Software Engineer Applied to 3000 Jobs and Got ZERO Interviews | Recruiter Reviews Resume - YouTube,April 8th 2026,,
Software Engineer (Python),366,Software Engineer Applied to 3000 Jobs and Got ZERO Interviews | Recruiter Reviews Resume - YouTube,April 8th 2026,,
"Full Stack Software Developer
",365,How ATS Sort Software Engineer Resumes | Recruiter Reviews Resume - YouTube,April 7th 2026,,
"Full Stack Software Developer
",365,How ATS Sort Software Engineer Resumes | Recruiter Reviews Resume - YouTube,April 7th 2026,,
Data Analyst,365,How ATS Sort Software Engineer Resumes | Recruiter Reviews Resume - YouTube,April 7th 2026,,
Front End Developer,365,How ATS Sort Software Engineer Resumes | Recruiter Reviews Resume - YouTube,April 7th 2026,,
Data Analyst,365,How ATS Sort Software Engineer Resumes | Recruiter Reviews Resume - YouTube,April 7th 2026,,
Business Analyst,364,Why Business Analyst Jobs REJECT You | Recruiter Reviews Resume - YouTube,April 6th 2026,,
Full-stack Python Developer,364,Why Business Analyst Jobs REJECT You | Recruiter Reviews Resume - YouTube,April 6th 2026,,
Patient Access Coordinator I,364,Why Business Analyst Jobs REJECT You | Recruiter Reviews Resume - YouTube,April 6th 2026,,
Data Analyst,364,Why Business Analyst Jobs REJECT You | Recruiter Reviews Resume - YouTube,April 6th 2026,,
Data Analyst,364,Why Business Analyst Jobs REJECT You | Recruiter Reviews Resume - YouTube,April 6th 2026,,
Data Analyst,363,Why Data Analyst Jobs REJECT You | Recruiter Reviews Resume - YouTube,April 3rd 2026,,
Mechanical Design Engineer,363,Why Data Analyst Jobs REJECT You | Recruiter Reviews Resume - YouTube,April 3rd 2026,,
"Full-Stack Software Engineer",363,Why Data Analyst Jobs REJECT You | Recruiter Reviews Resume - YouTube,April 3rd 2026,,
"Full-Stack Software Engineer Intern
",363,Why Data Analyst Jobs REJECT You | Recruiter Reviews Resume - YouTube,April 3rd 2026,,
"SDET (Software Test Engineer)",363,Why Data Analyst Jobs REJECT You | Recruiter Reviews Resume - YouTube,April 3rd 2026,,
Software Developer,362,Software Engineer Gets Rejected Because of a GARBAGE Resume,April 2nd 2026,,
Software Developer Engineer(Python),362,Software Engineer Gets Rejected Because of a GARBAGE Resume,April 2nd 2026,,
Business Analyst Intern,362,Software Engineer Gets Rejected Because of a GARBAGE Resume,April 2nd 2026,,
GRC Analyst,362,Software Engineer Gets Rejected Because of a GARBAGE Resume,April 2nd 2026,,
"DevOps Engineer
",362,Software Engineer Gets Rejected Because of a GARBAGE Resume,April 2nd 2026,,
"Full-Stack Software Engineer",361,Software Engineers $200 Resume Gets ZERO Interviews in 1000 Applications,Aprl 1st 2026,,
Data Scientist,361,Software Engineers $200 Resume Gets ZERO Interviews in 1000 Applications,Aprl 1st 2026,,
"Fullstack Software Engineer ",361,Software Engineers $200 Resume Gets ZERO Interviews in 1000 Applications,Aprl 1st 2026,,
Software Engineering Intern,361,Software Engineers $200 Resume Gets ZERO Interviews in 1000 Applications,Aprl 1st 2026,,
Software Engineer Intern,361,Software Engineers $200 Resume Gets ZERO Interviews in 1000 Applications,Aprl 1st 2026,,
Helpdesk / IT Support,360,What IT Support Jobs Need in a Resume | Recruiter Reviews Resume - YouTube,March 31st 2026,,
DevOps Engineer,360,What IT Support Jobs Need in a Resume | Recruiter Reviews Resume - YouTube,March 31st 2026,,
"Data Science / GenAI",360,What IT Support Jobs Need in a Resume | Recruiter Reviews Resume - YouTube,March 31st 2026,,
Analytics Engineer/ Data Analyst,360,What IT Support Jobs Need in a Resume | Recruiter Reviews Resume - YouTube,March 31st 2026,,
Backend Developer,360,What IT Support Jobs Need in a Resume | Recruiter Reviews Resume - YouTube,March 31st 2026,,
Full-Stack Developer,359,Why Hotdogs Stop SOFTWARE ENGINEERS From Getting Jobs | Recruiter Reviews Resume - YouTube,March 30th 2026,,
SOC Analyst ,359,Why Hotdogs Stop SOFTWARE ENGINEERS From Getting Jobs | Recruiter Reviews Resume - YouTube,March 30th 2026,,
C#/.NET Backend Developer ,359,Why Hotdogs Stop SOFTWARE ENGINEERS From Getting Jobs | Recruiter Reviews Resume - YouTube,March 30th 2026,,
Business Analyst,359,Why Hotdogs Stop SOFTWARE ENGINEERS From Getting Jobs | Recruiter Reviews Resume - YouTube,March 30th 2026,,
Backend Java Developer,359,Why Hotdogs Stop SOFTWARE ENGINEERS From Getting Jobs | Recruiter Reviews Resume - YouTube,March 30th 2026,,
"Full Stack Software Engineer",358,Why Software Engineers Get ZERO Interview | Recruiter Reviews Resume - YouTube,March 30th 2026,,
Backend Java Developer,358,Why Software Engineers Get ZERO Interview | Recruiter Reviews Resume - YouTube,March 27th 2026,,
Full Stack Software Engineer (New Grad),358,Why Software Engineers Get ZERO Interview | Recruiter Reviews Resume - YouTube,March 27th 2026,,
Data Analyst Intern,358,Why Software Engineers Get ZERO Interview | Recruiter Reviews Resume - YouTube,March 27th 2026,,
Full-stack developer,358,Why Software Engineers Get ZERO Interview | Recruiter Reviews Resume - YouTube,March 27th 2026,,
Data Analyst,357,Why Data Analyst Resumes Get DESTROYED by Jobs | Recruiter Reviews Resume - YouTube,March 26th 2026,,
Software Developer Full Stack,357,Why Data Analyst Resumes Get DESTROYED by Jobs | Recruiter Reviews Resume - YouTube,March 26th 2026,,
Software Engineering Intern,357,Why Data Analyst Resumes Get DESTROYED by Jobs | Recruiter Reviews Resume - YouTube,March 26th 2026,,
Data Scientist,357,Why Data Analyst Resumes Get DESTROYED by Jobs | Recruiter Reviews Resume - YouTube,March 26th 2026,,
Data Science Intern,357,Why Data Analyst Resumes Get DESTROYED by Jobs | Recruiter Reviews Resume - YouTube,March 26th 2026,,
Software Engineering Intern,356,This Software Engineer Intern Gets ZERO Interviews | Recruiter Reviews Resume - YouTube,March 25th 2026,,
"GRC Analyst 
",356,This Software Engineer Intern Gets ZERO Interviews | Recruiter Reviews Resume - YouTube,March 25th 2026,,
Full Stack Software Engineer,356,This Software Engineer Intern Gets ZERO Interviews | Recruiter Reviews Resume - YouTube,March 25th 2026,,
Bro I Don't Even Know What This Is,356,This Software Engineer Intern Gets ZERO Interviews | Recruiter Reviews Resume - YouTube,March 25th 2026,,
Frontend Engineer,356,This Software Engineer Intern Gets ZERO Interviews | Recruiter Reviews Resume - YouTube,March 25th 2026,,
Front End Developer,355,Front End Developer Has a GOOD Resume | Recruiter Reviews Resume - YouTube,March 24th 2026,Passes,
Backend Developer (Java Software Engineer),355,Front End Developer Has a GOOD Resume | Recruiter Reviews Resume - YouTube,March 24th 2026,,
Network Engineer,355,Front End Developer Has a GOOD Resume | Recruiter Reviews Resume - YouTube,March 24th 2026,,
AI Engineer Intern,355,Front End Developer Has a GOOD Resume | Recruiter Reviews Resume - YouTube,March 24th 2026,,
Full Stack Software Engineer,355,Front End Developer Has a GOOD Resume | Recruiter Reviews Resume - YouTube,March 24th 2026,,
Software Engineer (Python),354,Why Software Engineers Get ZERO Interviews | Recruiter Reviews Resume - YouTube,March 23rd 2026,,
"Full Stack Software Engineer
",354,Why Software Engineers Get ZERO Interviews | Recruiter Reviews Resume - YouTube,March 23rd 2026,Passes,
"Java Software Engineer 
",354,Why Software Engineers Get ZERO Interviews | Recruiter Reviews Resume - YouTube,March 23rd 2026,,
"Data Engineer
",354,Why Software Engineers Get ZERO Interviews | Recruiter Reviews Resume - YouTube,March 23rd 2026,,
"Financial Analyst
",354,Why Software Engineers Get ZERO Interviews | Recruiter Reviews Resume - YouTube,March 23rd 2026,Fantastic Resume A+,
AI Engineer,353,What AI Engineer JOBS Need on a Resume | Recruiter Reviews Resume - YouTube,March 20th 2026,,
Full Stack Engineer,353,What AI Engineer JOBS Need on a Resume | Recruiter Reviews Resume - YouTube,March 20th 2026,,
Java Software Engineer,353,What AI Engineer JOBS Need on a Resume | Recruiter Reviews Resume - YouTube,March 20th 2026,,
Data Engineer,353,What AI Engineer JOBS Need on a Resume | Recruiter Reviews Resume - YouTube,March 20th 2026,,
Project Manager,353,What AI Engineer JOBS Need on a Resume | Recruiter Reviews Resume - YouTube,March 20th 2026,,
Software Engineer (Java),352,How to Get a Software Engineer Job | Recruiter Reviews Resume - YouTube,March 19th 2026,,
Fullstack Software Engineer,352,How to Get a Software Engineer Job | Recruiter Reviews Resume - YouTube,March 19th 2026,,
Fullstack Software Engineer,352,How to Get a Software Engineer Job | Recruiter Reviews Resume - YouTube,March 19th 2026,,
Fullstack Software Engineer,352,How to Get a Software Engineer Job | Recruiter Reviews Resume - YouTube,March 19th 2026,,
Software Engineer Intern,352,How to Get a Software Engineer Job | Recruiter Reviews Resume - YouTube,March 19th 2026,Yes,
​Software Developer Engineer,351,Why Software Engineers Get REJECTED From Jobs | Recruiter Reviews Resume - YouTube,March 18th 2026,,
Backend Java Developer,351,Why Software Engineers Get REJECTED From Jobs | Recruiter Reviews Resume - YouTube,March 18th 2026,,
Software Engineer Intern,351,Why Software Engineers Get REJECTED From Jobs | Recruiter Reviews Resume - YouTube,March 18th 2026,,
Full-Stack Software Engineer,351,Why Software Engineers Get REJECTED From Jobs | Recruiter Reviews Resume - YouTube,March 18th 2026,,
Data Scientist,351,Why Software Engineers Get REJECTED From Jobs | Recruiter Reviews Resume - YouTube,March 18th 2026,,
"Data Scientist",350,These Data Scientist and Software Engineer Resumes are PURE Garbage,March 17th 2026,,
Full Stack Software Engineer,350,These Data Scientist and Software Engineer Resumes are PURE Garbage,March 17th 2026,,
Full Stack Software Engineer,350,These Data Scientist and Software Engineer Resumes are PURE Garbage,March 17th 2026,,
Full Stack Software Engineer,350,These Data Scientist and Software Engineer Resumes are PURE Garbage,March 17th 2026,,
Full Stack Software Engineer,350,These Data Scientist and Software Engineer Resumes are PURE Garbage,March 17th 2026,,
Data Scientist,349,A Truly TERRIBLE Data Scientist Resume | Recruiter Reviews Resume - YouTube,March 16th 2026,,
Software Engineering Intern,349,A Truly TERRIBLE Data Scientist Resume | Recruiter Reviews Resume - YouTube,March 16th 2026,,
Business Analyst,349,A Truly TERRIBLE Data Scientist Resume | Recruiter Reviews Resume - YouTube,March 16th 2026,,
SWE Intern,349,A Truly TERRIBLE Data Scientist Resume | Recruiter Reviews Resume - YouTube,March 16th 2026,Yes,
SDE Intern,349,A Truly TERRIBLE Data Scientist Resume | Recruiter Reviews Resume - YouTube,March 16th 2026,,
"Electrical Design Engineer",348,How to Get a Job | Recruiter Reviews Resume - YouTube,March 13th 2026,,
"Data Analyst
",348,How to Get a Job | Recruiter Reviews Resume - YouTube,March 13th 2026,,
Software Engineer (Java Developer),348,How to Get a Job | Recruiter Reviews Resume - YouTube How to Get a Job | Recruiter Reviews Resume - YouTube,March 13th 2026,,
Full Stack Software Engineer,348,How to Get a Job | Recruiter Reviews Resume - YouTube,March 13th 2026,,
DevOps Engineer,348,How to Get a Job | Recruiter Reviews Resume - YouTube,March 13th 2026,,
Software Engineer (Full Stack?),347,The Software Engineer Jobs Market is on FIRE | Recruiter Reviews Resume - YouTube,Martch 12th 2026,,
Java Engineer,347,The Software Engineer Jobs Market is on FIRE | Recruiter Reviews Resume - YouTube,Martch 12th 2026,,
Business Analyst,347,The Software Engineer Jobs Market is on FIRE | Recruiter Reviews Resume - YouTube,Martch 12th 2026,,
"Software Engineer Intern, Machine Learning Engineer Intern",347,The Software Engineer Jobs Market is on FIRE | Recruiter Reviews Resume - YouTube,Martch 12th 2026,,
Backend Developer,347,The Software Engineer Jobs Market is on FIRE | Recruiter Reviews Resume - YouTube,Martch 12th 2026,,
Graphic Designer,346,"AI Has DESTROYED This Industry, No More Jobs are Left | Recruiter Reviews Resume - YouTube",Martch 11th 2026,,
Full-Stack Engineer,346,"AI Has DESTROYED This Industry, No More Jobs are Left | Recruiter Reviews Resume - YouTube",Martch 11th 2026,,
"Manufacturing Supervisor / Production Supervisor
",346,"AI Has DESTROYED This Industry, No More Jobs are Left | Recruiter Reviews Resume - YouTube",Martch 11th 2026,,
Devops Engineer,346,"AI Has DESTROYED This Industry, No More Jobs are Left | Recruiter Reviews Resume - YouTube",Martch 11th 2026,,
"Software Engineer (Full Stack?)
",346,"AI Has DESTROYED This Industry, No More Jobs are Left | Recruiter Reviews Resume - YouTube",Martch 11th 2026,,
Software Developer Engineer,345,This GARBAGE Software Engineer Resume Gets ZERO Interviews | Recruiter Reviews Resume - YouTube,Martch 10th 2026,,
Data Analytics Intern,345,This GARBAGE Software Engineer Resume Gets ZERO Interviews | Recruiter Reviews Resume - YouTube,Martch 10th 2026,Passes (Barely but it does),
Fullstack SWE Intern,345,This GARBAGE Software Engineer Resume Gets ZERO Interviews | Recruiter Reviews Resume - YouTube,Martch 10th 2026,,
,345,This GARBAGE Software Engineer Resume Gets ZERO Interviews | Recruiter Reviews Resume - YouTube,Martch 10th 2026,,
Cloud Engineer,345,This GARBAGE Software Engineer Resume Gets ZERO Interviews | Recruiter Reviews Resume - YouTube,Martch 10th 2026,,
"Back end developer, full stack developer",344,Illegal Software Engineer Can't Get a REAL Job | Recruiter Reviews Resume - YouTube,Martch 9th 2026,,
Front End Developer,344,Illegal Software Engineer Can't Get a REAL Job | Recruiter Reviews Resume - YouTube,Martch 9th 2026,,
Financial Analyst,344,Illegal Software Engineer Can't Get a REAL Job | Recruiter Reviews Resume - YouTube,Martch 9th 2026,,
"System Administrator
",344,Illegal Software Engineer Can't Get a REAL Job | Recruiter Reviews Resume - YouTube,Martch 9th 2026,,
"Machine Learning Engineer (ML)
",344,Illegal Software Engineer Can't Get a REAL Job | Recruiter Reviews Resume - YouTube,Martch 9th 2026,,
"SWE Intern (Python)
",343,Software Engineer Intern has an AMAZING resume | Recruiter Reviews Resume - YouTube,March 6th 2026,Amazing Resume,
GPU Engineer or CUDA Kernel Engineer ,343,Software Engineer Intern has an AMAZING resume | Recruiter Reviews Resume - YouTube,March 6th 2026,,
,343,Software Engineer Intern has an AMAZING resume | Recruiter Reviews Resume - YouTube,March 6th 2026,,
,343,Software Engineer Intern has an AMAZING resume | Recruiter Reviews Resume - YouTube,March 6th 2026,,
,343,Software Engineer Intern has an AMAZING resume | Recruiter Reviews Resume - YouTube,March 6th 2026,,
Machine Learning Engineer,342,Why Machine Learning Engineers FAIL at Getting Jobs | Recruiter Reviews Resume - YouTube,March 5th 2026,,
"Data Scientist",342,Why Machine Learning Engineers FAIL at Getting Jobs | Recruiter Reviews Resume - YouTube,March 5th 2026,,
"Strategic Consultant/Financial/Data Analyst
",342,Why Machine Learning Engineers FAIL at Getting Jobs | Recruiter Reviews Resume - YouTube,March 5th 2026,,
Project Manager,342,Why Machine Learning Engineers FAIL at Getting Jobs | Recruiter Reviews Resume - YouTube,March 5th 2026,,
"Full Stack Software Developer
",342,Why Machine Learning Engineers FAIL at Getting Jobs | Recruiter Reviews Resume - YouTube,March 5th 2026,,
Network Engineer,341,https://youtu.be/BQfyBpdQep8,March 4th 2026,,
Technical Project Manager,341,https://youtu.be/BQfyBpdQep8,March 4th 2026,,
Data Analyst,341,https://youtu.be/BQfyBpdQep8,March 4th 2026,,
Data Scientist,341,https://youtu.be/BQfyBpdQep8,March 4th 2026,,
,341,https://youtu.be/BQfyBpdQep8,March 4th 2026,,
Software Engineer,340,The SECRET to Getting Interviews in a Recession | Recruiter Reviews Resume - YouTube,March 3rd 2026,,
Software Engineering Intern,340,The SECRET to Getting Interviews in a Recession | Recruiter Reviews Resume - YouTube,March 3rd 2026,,
Summer Internship related to software engineering,340,The SECRET to Getting Interviews in a Recession | Recruiter Reviews Resume - YouTube,March 3rd 2026,,
Fullstack Software Engineer (newgrad),340,The SECRET to Getting Interviews in a Recession | Recruiter Reviews Resume - YouTube,March 3rd 2026,,
"Mechanical Engineering Intern
",340,The SECRET to Getting Interviews in a Recession | Recruiter Reviews Resume - YouTube,March 3rd 2026,,
Backend Software Engineer (Python / Full Stack) ,339,Why Software Engineers Get ZERO Interviews | Recruiter Reviews Resume - YouTube,March 2nd 2026,,
Entry Level Software Engineer,339,Why Software Engineers Get ZERO Interviews | Recruiter Reviews Resume - YouTube,March 2nd 2026,,
Business Analyst,339,Why Software Engineers Get ZERO Interviews | Recruiter Reviews Resume - YouTube,March 2nd 2026,,
Machine Learning Engineer,339,Why Software Engineers Get ZERO Interviews | Recruiter Reviews Resume - YouTube,March 2nd 2026,,
Software engineer Intern,339,Why Software Engineers Get ZERO Interviews | Recruiter Reviews Resume - YouTube,March 2nd 2026,,
Cloud Engineer (AWS Focused),338,Software Engineers (Especially Internationals) NEED this in a Resume,Febuary 27th 2026,,
Software Engineer Intern,338,Software Engineers (Especially Internationals) NEED this in a Resume,Febuary 27th 2026,,
Fullstack Dev,338,Software Engineers (Especially Internationals) NEED this in a Resume,Febuary 27th 2026,,
Policy Analyst,338,Software Engineers (Especially Internationals) NEED this in a Resume,Febuary 27th 2026,,
"Automation Engineer",338,Software Engineers (Especially Internationals) NEED this in a Resume,Febuary 27th 2026,,
Entry Level .NET/C# Software Developer,337,Software Engineers WEIRD Resume Gets Rejected | Recruiter Reviews Resume - YouTube,Febuary 26th 2026,,
AGI Software Engineer,337,Software Engineers WEIRD Resume Gets Rejected | Recruiter Reviews Resume - YouTube,Febuary 26th 2026,,
Operations / Supply Chain roles,337,Software Engineers WEIRD Resume Gets Rejected | Recruiter Reviews Resume - YouTube,Febuary 26th 2026,,
Full Stack Developer,337,Software Engineers WEIRD Resume Gets Rejected | Recruiter Reviews Resume - YouTube,Febuary 26th 2026,,
Machine Learning Engineer (ML),337,Software Engineers WEIRD Resume Gets Rejected | Recruiter Reviews Resume - YouTube,Febuary 26th 2026,,
Software Engineer,336,Common Software Engineer Resume MISTAKE That Gets You Rejected,Febuary 25th 2026,,
Web Developer (Front End Developer),336,Common Software Engineer Resume MISTAKE That Gets You Rejected,Febuary 25th 2026,,
Full stack software engineer,336,Common Software Engineer Resume MISTAKE That Gets You Rejected,Febuary 25th 2026,,
Software Engineer Intern,336,Common Software Engineer Resume MISTAKE That Gets You Rejected,Febuary 25th 2026,,
Fullstack Software Engineer,336,Common Software Engineer Resume MISTAKE That Gets You Rejected,Febuary 25th 2026,,
Product Manager,335,"The Jobs Market is Terrible, here is How to Actually Get a Job | Recruiter Reviews Resume - YouTube",Febuary 24th 2026,,
"Full Stack Software Engineer",335,"The Jobs Market is Terrible, here is How to Actually Get a Job | Recruiter Reviews Resume - YouTube",Febuary 24th 2026,,
Consumer Insights Analyst,335,"The Jobs Market is Terrible, here is How to Actually Get a Job | Recruiter Reviews Resume - YouTube",Febuary 24th 2026,,
"Analytics/Modeling Engineer (Financial Services Industry)",335,"The Jobs Market is Terrible, here is How to Actually Get a Job | Recruiter Reviews Resume - YouTube",Febuary 24th 2026,,
Data Scientist,335,"The Jobs Market is Terrible, here is How to Actually Get a Job | Recruiter Reviews Resume - YouTube",Febuary 24th 2026,,
Python Backend Engineer,334,Software Engineers TERRIBLE Resume Might Get Them Deported | Recruiter Reviews Resume - YouTube,Febuary 23rd 2026,,
"Data Analyst, Business Analyst, Data Engineer",334,Software Engineers TERRIBLE Resume Might Get Them Deported | Recruiter Reviews Resume - YouTube,Febuary 23rd 2026,,
"AI Engineer, Senior Data Engineer, Senior Data Scientist",334,Software Engineers TERRIBLE Resume Might Get Them Deported | Recruiter Reviews Resume - YouTube,Febuary 23rd 2026,,
Financial Analyst ,334,Software Engineers TERRIBLE Resume Might Get Them Deported | Recruiter Reviews Resume - YouTube,Febuary 23rd 2026,,
,334,Software Engineers TERRIBLE Resume Might Get Them Deported | Recruiter Reviews Resume - YouTube,Febuary 20th 2026,,
"Software Engineer (Full Stack)
",333,This Software Engineer Has a GARBAGE Resume | Recruiter Reviews Resume - YouTube,Febuary 20th 2026,,
"Software Engineer Intern
",333,This Software Engineer Has a GARBAGE Resume | Recruiter Reviews Resume - YouTube,Febuary 20th 2026,,
"Security Operation Center (SOC) Analyst
",333,This Software Engineer Has a GARBAGE Resume | Recruiter Reviews Resume - YouTube,Febuary 20th 2026,,
Software Engineering Internship,333,This Software Engineer Has a GARBAGE Resume | Recruiter Reviews Resume - YouTube,Febuary 20th 2026,,
Software Engineer Intern,333,This Software Engineer Has a GARBAGE Resume | Recruiter Reviews Resume - YouTube,Febuary 20th 2026,,
Research Scientist,332,Fake Jobs Coach SCAMS Poor Jobseeker | Recruiter Reviews Resume - YouTube,Febuary 19h 2026,,
Data Scientist Student,332,Fake Jobs Coach SCAMS Poor Jobseeker | Recruiter Reviews Resume - YouTube,Febuary 19h 2026,,
Data Engineer,332,Fake Jobs Coach SCAMS Poor Jobseeker | Recruiter Reviews Resume - YouTube,Febuary 19h 2026,,
Data Analyst,332,Fake Jobs Coach SCAMS Poor Jobseeker | Recruiter Reviews Resume - YouTube,Febuary 19h 2026,,
Product Manager,332,Fake Jobs Coach SCAMS Poor Jobseeker | Recruiter Reviews Resume - YouTube,Febuary 19h 2026,,
Software Engineer Intern - Full Stack,331,"Finally, a GOOD Software Engineer Intern Resume | Recruiter Reviews Resume - YouTube",Febuary 18h 2026,,
Risk Analyst (Credit Risk Analyst),331,"Finally, a GOOD Software Engineer Intern Resume | Recruiter Reviews Resume - YouTube",Febuary 18h 2026,,
Full Stack Developer,331,"Finally, a GOOD Software Engineer Intern Resume | Recruiter Reviews Resume - YouTube",Febuary 18h 2026,,
GRC Analyst ,331,"Finally, a GOOD Software Engineer Intern Resume | Recruiter Reviews Resume - YouTube",Febuary 18h 2026,,
Vendor manager,331,"Finally, a GOOD Software Engineer Intern Resume | Recruiter Reviews Resume - YouTube",Febuary 18h 2026,,
Data Engineer,330,I Fix a Mediocre Data Engineer Resume | Recruiter Reviews Resume - YouTube,Febuary 17h 2026,,
IT Support Technician,330,I Fix a Mediocre Data Engineer Resume | Recruiter Reviews Resume - YouTube,Febuary 17h 2026,,
Software Engineer Intern,330,I Fix a Mediocre Data Engineer Resume | Recruiter Reviews Resume - YouTube,Febuary 17h 2026,,
Data Analyst,330,I Fix a Mediocre Data Engineer Resume | Recruiter Reviews Resume - YouTube,Febuary 17h 2026,,
Systems Administrator,330,I Fix a Mediocre Data Engineer Resume | Recruiter Reviews Resume - YouTube,Febuary 17h 2026,,
GRC Analyst,329,"If You Can Get Past Me, a Sick Recruiter, You Can Find a Job | Recruiter Reviews Resume - YouTube",Febuary 16h 2026,,
"Full-stack Software Engineer
",329,"If You Can Get Past Me, a Sick Recruiter, You Can Find a Job | Recruiter Reviews Resume - YouTube",Febuary 16h 2026,,
"Mechanical Engineer",329,"If You Can Get Past Me, a Sick Recruiter, You Can Find a Job | Recruiter Reviews Resume - YouTube",Febuary 16h 2026,,
"Machine Learning Engineer Intern
",329,"If You Can Get Past Me, a Sick Recruiter, You Can Find a Job | Recruiter Reviews Resume - YouTube",Febuary 16h 2026,,
Credit Risk Analyst,329,"If You Can Get Past Me, a Sick Recruiter, You Can Find a Job | Recruiter Reviews Resume - YouTube",Febuary 16h 2026,,
FullStack Software Engineer (SDE-II),328,Why Software Engineers Get ZERO Interviews | Recruiter Reviews Resume - YouTube,Febuary 13th 2026,,
Battery Engineer,328,Why Software Engineers Get ZERO Interviews | Recruiter Reviews Resume - YouTube,Febuary 13th 2026,,
Software Engineer Internship,328,Why Software Engineers Get ZERO Interviews | Recruiter Reviews Resume - YouTube,Febuary 13th 2026,,
Senior Software Engineer,328,Why Software Engineers Get ZERO Interviews | Recruiter Reviews Resume - YouTube,Febuary 13th 2026,,
Software Engineer Intern,328,Why Software Engineers Get ZERO Interviews | Recruiter Reviews Resume - YouTube,Febuary 13th 2026,,
Backend Java Software Developer Intern (Canada),327,BRAINROT IS DESTROYING YOUR BRAIN! - YouTube,Febuary 12th 2026,,
Data Analyst,327,BRAINROT IS DESTROYING YOUR BRAIN! - YouTube,Febuary 12th 2026,,
Full Stack Software Engineer,327,BRAINROT IS DESTROYING YOUR BRAIN! - YouTube,Febuary 12th 2026,,
Industrial Design Engineer,327,BRAINROT IS DESTROYING YOUR BRAIN! - YouTube,Febuary 12th 2026,,
Full Stack Software Engineer,327,BRAINROT IS DESTROYING YOUR BRAIN! - YouTube,Febuary 12th 2026,,
New Grad Software Engineer Backend C#,326,Software Engineer Jobs WANT This in a Resume | Recruiter Reviews Resume - YouTube,Febuary 11th 2026,,
Analytics Engineer,326,Software Engineer Jobs WANT This in a Resume | Recruiter Reviews Resume - YouTube,Febuary 11th 2026,,
Software Development Internshsip,326,Software Engineer Jobs WANT This in a Resume | Recruiter Reviews Resume - YouTube,Febuary 11th 2026,,
Public Health Project Manager,326,Software Engineer Jobs WANT This in a Resume | Recruiter Reviews Resume - YouTube,Febuary 11th 2026,,
Financial Analyst,326,Software Engineer Jobs WANT This in a Resume | Recruiter Reviews Resume - YouTube,Febuary 11th 2026,,
Java Backend Developer,325,The IT Job Market is on Fire | Recruiter Reviews Resume - YouTube,Febuary 10th 2026,,
Director of Logistics,325,The IT Job Market is on Fire | Recruiter Reviews Resume - YouTube,Febuary 10th 2026,,
Software engineer,325,The IT Job Market is on Fire | Recruiter Reviews Resume - YouTube,Febuary 10th 2026,,
"AI Engineer Intern",325,The IT Job Market is on Fire | Recruiter Reviews Resume - YouTube,Febuary 10th 2026,,
C#/.NET Software Engineer ,325,The IT Job Market is on Fire | Recruiter Reviews Resume - YouTube,Febuary 10th 2026,,
"Recruiter / Talent Acquisition Specialist  / HR Generalist
",324,Human Resources HORRIBLE Resume | Recruiter Reviews Resume - YouTube,Febuary 9th 2026,,
Software Engineer Intern,324,Human Resources HORRIBLE Resume | Recruiter Reviews Resume - YouTube,Febuary 9th 2026,,
Data Engineer and Data Analyst,324,Human Resources HORRIBLE Resume | Recruiter Reviews Resume - YouTube,Febuary 9th 2026,,
"Software Engineer Intern
",324,Human Resources HORRIBLE Resume | Recruiter Reviews Resume - YouTube,Febuary 9th 2026,,
Machine Learning Engineer (ML),324,Human Resources HORRIBLE Resume | Recruiter Reviews Resume - YouTube,Febuary 9th 2026,,
Full Stack Software Developer,323,Why Software Engineers Get REJECTED From Jobs | Recruiter Reviews Resume - YouTube,Febuary 6th 2026,,
HR Director,323,Why Software Engineers Get REJECTED From Jobs | Recruiter Reviews Resume - YouTube,Febuary 6th 2026,,
Analytics Engineer - FP&A (Finanical Planning & Analysis),323,Why Software Engineers Get REJECTED From Jobs | Recruiter Reviews Resume - YouTube,Febuary 6th 2026,,
Environmental Scientist,323,Why Software Engineers Get REJECTED From Jobs | Recruiter Reviews Resume - YouTube,Febuary 6th 2026,,
Cloud Engineer (AWS),323,Why Software Engineers Get REJECTED From Jobs | Recruiter Reviews Resume - YouTube,Febuary 6th 2026,,
Operations Manager,322,Jobs Keep Rejecting You? Greatest MISTAKE Job Seekers Make | Recruiter Reviews Resume - YouTube,Febuary 5th 2026,,
"Backend Software Engineer Intern
",322,Jobs Keep Rejecting You? Greatest MISTAKE Job Seekers Make | Recruiter Reviews Resume - YouTube,Febuary 5th 2026,,
Data engineer,322,Jobs Keep Rejecting You? Greatest MISTAKE Job Seekers Make | Recruiter Reviews Resume - YouTube,Febuary 5th 2026,,
New Grad Software Engineer (Backend-Python preferred),322,Jobs Keep Rejecting You? Greatest MISTAKE Job Seekers Make | Recruiter Reviews Resume - YouTube,Febuary 5th 2026,,
"Data Scientist
",322,Starting Your Job Search? You Need to Watch This | Recruiter Reviews Resume - YouTube,Febuary 5th 2026,,
Embedded Software Engineer Intern,321,Starting Your Job Search? You Need to Watch This | Recruiter Reviews Resume - YouTube,Febuary 4th 2026,,
Senior Full Stack Engineer,321,Starting Your Job Search? You Need to Watch This | Recruiter Reviews Resume - YouTube,Febuary 4th 2026,,
Full-Stack Software Engineer (intern),321,Starting Your Job Search? You Need to Watch This | Recruiter Reviews Resume - YouTube,Febuary 4th 2026,,
Product Manger,321,Starting Your Job Search? You Need to Watch This | Recruiter Reviews Resume - YouTube,Febuary 4th 2026,,
Systems/Defense Software Engineer,321,Starting Your Job Search? You Need to Watch This | Recruiter Reviews Resume - YouTube,Febuary 4th 2026,,
Frontend Engineer,320,Why Software Engineers CAN'T Get Interviews | Recruiter Reviews Resume - YouTube,Febuary 3rd 2026,,
Full stack developer,320,Why Software Engineers CAN'T Get Interviews | Recruiter Reviews Resume - YouTube,Febuary 3rd 2026,,
Data Engineer,320,Why Software Engineers CAN'T Get Interviews | Recruiter Reviews Resume - YouTube,Febuary 3rd 2026,,
"Full Stack Engineer
",320,Why Software Engineers CAN'T Get Interviews | Recruiter Reviews Resume - YouTube,Febuary 3rd 2026,,
"Machine Learning Intern",320,Why Software Engineers CAN'T Get Interviews | Recruiter Reviews Resume - YouTube,Febuary 3rd 2026,,
Frontend Developer,319,Jobs Recruiter Tells the TRUTH On ATS Systems | Recruiter Reviews Resume - YouTube,Febuary 2nd 2026,,
Product Manager,319,Jobs Recruiter Tells the TRUTH On ATS Systems | Recruiter Reviews Resume - YouTube,Febuary 2nd 2026,,
Software Engineer Intern ,319,Jobs Recruiter Tells the TRUTH On ATS Systems | Recruiter Reviews Resume - YouTube,Febuary 2nd 2026,,
Data Scientist,319,Jobs Recruiter Tells the TRUTH On ATS Systems | Recruiter Reviews Resume - YouTube,Febuary 2nd 2026,,
Embedded Software Engineer,319,Jobs Recruiter Tells the TRUTH On ATS Systems | Recruiter Reviews Resume - YouTube,Febuary 2nd 2026,,
Data Analyst,318,The Secret to Getting INTERVIEWS In a Recession | Recruiter Reviews Resume - YouTube,January 30th 2026,,
New-Graduate Software Engineer,318,The Secret to Getting INTERVIEWS In a Recession | Recruiter Reviews Resume - YouTube,January 30th 2026,,
Junior System Administrator / Help Desk,318,The Secret to Getting INTERVIEWS In a Recession | Recruiter Reviews Resume - YouTube,January 30th 2026,,
"Full-stack Developer (Intern)
",318,The Secret to Getting INTERVIEWS In a Recession | Recruiter Reviews Resume - YouTube,January 30th 2026,,
Data Engineer ,318,The Secret to Getting INTERVIEWS In a Recession | Recruiter Reviews Resume - YouTube,January 30th 2026,,
Fullstack Developer,317,Simple Trick to Tell How Good Your Resume Is | Recruiter Reviews Resume - YouTube,January 29th 2026,,
Electrical Engineer,317,Simple Trick to Tell How Good Your Resume Is | Recruiter Reviews Resume - YouTube,January 29th 2026,,
UI/UX Designer,317,Simple Trick to Tell How Good Your Resume Is | Recruiter Reviews Resume - YouTube,January 29th 2026,,
Software Engineering Intern,317,Simple Trick to Tell How Good Your Resume Is | Recruiter Reviews Resume - YouTube,January 29th 2026,,
Software Engineering Intern,317,Simple Trick to Tell How Good Your Resume Is | Recruiter Reviews Resume - YouTube,January 29th 2026,,
Data Scientist,316,Jobseeker's DISGUSTING Resume Gets Only 4 Interviews Per YEAR,January 28th 2026,,
Software Engineering Intern,316,Jobseeker's DISGUSTING Resume Gets Only 4 Interviews Per YEAR,January 28th 2026,,
Devops / cloud internship,316,Jobseeker's DISGUSTING Resume Gets Only 4 Interviews Per YEAR,January 28th 2026,,
Full Stack Software Engineer (UK),316,Jobseeker's DISGUSTING Resume Gets Only 4 Interviews Per YEAR,January 28th 2026,,
Software Engineering Intern,316,Jobseeker's DISGUSTING Resume Gets Only 4 Interviews Per YEAR,January 28th 2026,,
Data Scientist,315,Garbage Resume Gets ROASTED By Recruiter,January 27th 2026,,
Machine Learning Engineer,315,Garbage Resume Gets ROASTED By Recruiter,January 27th 2026,,
Software Engineer,315,Garbage Resume Gets ROASTED By Recruiter,January 27th 2026,,
Financial Analyst,315,Garbage Resume Gets ROASTED By Recruiter,January 27th 2026,,
Financial Analyst,315,Garbage Resume Gets ROASTED By Recruiter,January 27th 2026,,
"Front-End Software Engineer
",314,Elon Musk RUINED this Engineers Career | Recruiter Reviews Resume - YouTube,January 26th 2026,,
IT Help Desk Analyst,314,Elon Musk RUINED this Engineers Career | Recruiter Reviews Resume - YouTube,January 26th 2026,,
"Data Analyst
",314,Elon Musk RUINED this Engineers Career | Recruiter Reviews Resume - YouTube,January 26th 2026,,
Machine Learning Intern,314,Elon Musk RUINED this Engineers Career | Recruiter Reviews Resume - YouTube,January 26th 2026,,
Financial Analyst,314,Elon Musk RUINED this Engineers Career | Recruiter Reviews Resume - YouTube,January 26th 2026,,
Full Stack Developer,313,The TRUTH About ATS Keywords and How They Stop You From Getting a Job | Recruiter Reviews Resume - YouTube,January 23rd 2026,,
Data Scientist,313,The TRUTH About ATS Keywords and How They Stop You From Getting a Job | Recruiter Reviews Resume - YouTube,January 23rd 2026,,
Machine Learning Engineer,313,The TRUTH About ATS Keywords and How They Stop You From Getting a Job | Recruiter Reviews Resume - YouTube,January 23rd 2026,,
Software Developer C#,313,The TRUTH About ATS Keywords and How They Stop You From Getting a Job | Recruiter Reviews Resume - YouTube,January 23rd 2026,,
Communications Specialist,313,The TRUTH About ATS Keywords and How They Stop You From Getting a Job | Recruiter Reviews Resume - YouTube,January 23rd 2026,,
Data Engineer,312,I Have NEVER Seen a Resume Like This | Recruiter Reviews Resume8,,,
Learning & Development,312,I Have NEVER Seen a Resume Like This | Recruiter Reviews Resume8,,,
Project Coordinator,312,I Have NEVER Seen a Resume Like This | Recruiter Reviews Resume8,,,
Full Stack Software Engineer (Intern Roles),312,I Have NEVER Seen a Resume Like This | Recruiter Reviews Resume8,,,
Machine Learning Intern,312,I Have NEVER Seen a Resume Like This | Recruiter Reviews Resume8,,,
Software Engineering - Front End,311,I ROAST a Software Engineers Resume | Recruiter Reviews Resume - YouTube,,,
Full-Stack Developer,311,I ROAST a Software Engineers Resume | Recruiter Reviews Resume - YouTube,,,
Computer Vision Intern,311,I ROAST a Software Engineers Resume | Recruiter Reviews Resume - YouTube,,,
Software Engineer - backend python (new grad),311,I ROAST a Software Engineers Resume | Recruiter Reviews Resume - YouTube,,,
Analytics Engineer (Financial Services Industry),311,I ROAST a Software Engineers Resume | Recruiter Reviews Resume - YouTube,,,
Data Analyst,310,Jobseekers Should NEVER Do This | Recruiter Reviews Resume - YouTube,,,
Cloud Architect (Azure),310,Jobseekers Should NEVER Do This | Recruiter Reviews Resume - YouTube,,,
Fullstack software dev,310,Jobseekers Should NEVER Do This | Recruiter Reviews Resume - YouTube,,,
Victoria secret cashier,310,Jobseekers Should NEVER Do This | Recruiter Reviews Resume - YouTube,,,
Full Stack New Grad,310,Jobseekers Should NEVER Do This | Recruiter Reviews Resume - YouTube,,,
Software engineer full-stack (Spring Boot and Angular),309,Why Hamburgers and Not Hot Dogs Get You Interviews | Recruiter Reviews Resume - YouTube,,,
Project Control Manager / Project Manager,309,Why Hamburgers and Not Hot Dogs Get You Interviews | Recruiter Reviews Resume - YouTube,,,
Product Manager,309,Why Hamburgers and Not Hot Dogs Get You Interviews | Recruiter Reviews Resume - YouTube,,,
Full Stack Software Engineer (Intern Roles),309,Why Hamburgers and Not Hot Dogs Get You Interviews | Recruiter Reviews Resume - YouTube,,,
Full-Stack Software Engineer (intern or junior),309,Why Hamburgers and Not Hot Dogs Get You Interviews | Recruiter Reviews Resume - YouTube,,,
Data Analyst,308,This Resume Gets Interviews | Recruiter Reviews Resume - YouTube,,,
Data Engineer,308,This Resume Gets Interviews | Recruiter Reviews Resume - YouTube,,,
Full Stack SWE,308,This Resume Gets Interviews | Recruiter Reviews Resume - YouTube,,,
Full Stack Software Engineer,308,This Resume Gets Interviews | Recruiter Reviews Resume - YouTube,,,
Mechanical/Aerospace Structural Engineering Intern,308,This Resume Gets Interviews | Recruiter Reviews Resume - YouTube,,,
Data engineer,307,Why this Data Engineer Rarely Gets Interviews | Recruiter Reviews Resume - YouTube,,,
 Data Scientist,307,Why this Data Engineer Rarely Gets Interviews | Recruiter Reviews Resume - YouTube,,,
Junior/Mid Java Software Developer,307,Why this Data Engineer Rarely Gets Interviews | Recruiter Reviews Resume - YouTube,,,
Project Manager,307,Why this Data Engineer Rarely Gets Interviews | Recruiter Reviews Resume - YouTube,,,
Full-Stack Developer,307,Why this Data Engineer Rarely Gets Interviews | Recruiter Reviews Resume - YouTube,,,
Software Intern,306,"If You Write Your Resume Like This Guy, You Might as Well Not Apply | Recruiter Reviews Resume",,,
Full-Stack Software Engineer (MERN Stack),306,"If You Write Your Resume Like This Guy, You Might as Well Not Apply | Recruiter Reviews Resume",,,
Senior Financial/Data Analyst,306,"If You Write Your Resume Like This Guy, You Might as Well Not Apply | Recruiter Reviews Resume",,,
Project Manager,306,"If You Write Your Resume Like This Guy, You Might as Well Not Apply | Recruiter Reviews Resume",,,
Data Scientist,306,"If You Write Your Resume Like This Guy, You Might as Well Not Apply | Recruiter Reviews Resume",,,
New Grad Software Engineer Backend,305,I Reject a Jobseeker BEFORE I See the Resume and Why I am Right,,,
Full-Stack Developer,305,I Reject a Jobseeker BEFORE I See the Resume and Why I am Right,,,
Project Management / Program Management,305,I Reject a Jobseeker BEFORE I See the Resume and Why I am Right,,,
C++ Dev Intern in quantitative finance,305,I Reject a Jobseeker BEFORE I See the Resume and Why I am Right,,,
Mechanical Design Engineer,305,I Reject a Jobseeker BEFORE I See the Resume and Why I am Right,,,
Software Engineer,304,Your Resume NEEDS To Do This Or Else I Will Reject It,,,
"Rust Software Engineer , Technical Co - Founder , Software engineer",304,Your Resume NEEDS To Do This Or Else I Will Reject It,,,
Data Analyst,304,Your Resume NEEDS To Do This Or Else I Will Reject It,,,
"Software Engineer Intern
",304,Your Resume NEEDS To Do This Or Else I Will Reject It,,,
Backend developer (Java or Golang),304,Your Resume NEEDS To Do This Or Else I Will Reject It,,,
Data Analyst,303,I Reject GARBAGE Resumes Like This Every Day | Recruiter Reviews Resume - YouTube,,,
Operations Associate,303,I Reject GARBAGE Resumes Like This Every Day | Recruiter Reviews Resume - YouTube,,,
New Grad Software Engineer Backend,303,I Reject GARBAGE Resumes Like This Every Day | Recruiter Reviews Resume - YouTube,,,
Junior/Mid Java Software Developer,303,I Reject GARBAGE Resumes Like This Every Day | Recruiter Reviews Resume - YouTube,,,
Data Analyst,303,I Reject GARBAGE Resumes Like This Every Day | Recruiter Reviews Resume - YouTube,,,
Data Engineer,302,Jobseekers Get REJECTED For These Reasons | Recruiter Reviews Resume - YouTube,,,
Analytics Engineer (Financial Services Company),302,Jobseekers Get REJECTED For These Reasons | Recruiter Reviews Resume - YouTube,,,
Machine Learning Engineer (ML),302,Jobseekers Get REJECTED For These Reasons | Recruiter Reviews Resume - YouTube,,,
Python SWE,302,Jobseekers Get REJECTED For These Reasons | Recruiter Reviews Resume - YouTube,,,
Software Developer Intern,302,Jobseekers Get REJECTED For These Reasons | Recruiter Reviews Resume - YouTube,,,
Software Engineer Internship,301,I Turn a PAINFULLY Mid Resume Into a Great One | Recruiter Reviews Resume - YouTube,,,
Data Analyst (HR),301,I Turn a PAINFULLY Mid Resume Into a Great One | Recruiter Reviews Resume - YouTube,,,
Senior Systems Analyst,301,I Turn a PAINFULLY Mid Resume Into a Great One | Recruiter Reviews Resume - YouTube,,,
Mechanical Engineering Intern,301,I Turn a PAINFULLY Mid Resume Into a Great One | Recruiter Reviews Resume - YouTube,,,
Mechanical Engineering Intern,301,I Turn a PAINFULLY Mid Resume Into a Great One | Recruiter Reviews Resume - YouTube,,,
Mid-Level Software Engineer,300,"AI Is GARBAGE For Resumes, Do This Instead | Recruiter Reviews Resume - YouTube",,,
Continuous Improvement Specialist,300,"AI Is GARBAGE For Resumes, Do This Instead | Recruiter Reviews Resume - YouTube",,,
Full Stack Developer ,300,"AI Is GARBAGE For Resumes, Do This Instead | Recruiter Reviews Resume - YouTube",,,
Fullstack / iOS Developer,300,"AI Is GARBAGE For Resumes, Do This Instead | Recruiter Reviews Resume - YouTube",,,
AI Engineer Intern,300,"AI Is GARBAGE For Resumes, Do This Instead | Recruiter Reviews Resume - YouTube",,,
Backend/Fullstack SWE,299,You Should NEVER Use This Format For Your Resume | Recruiter Reviews Resume,,,
Analytics Engineer,299,You Should NEVER Use This Format For Your Resume | Recruiter Reviews Resume,,,
Receptionist,299,You Should NEVER Use This Format For Your Resume | Recruiter Reviews Resume,,,
Software Developer Intern,299,You Should NEVER Use This Format For Your Resume | Recruiter Reviews Resume,,,
Software Engineer (backend / full-stack),299,You Should NEVER Use This Format For Your Resume | Recruiter Reviews Resume,,,
SDE,298,https://youtu.be/JsDYBx8qdN8,,,
Data Scientist,298,https://youtu.be/JsDYBx8qdN8,,,
HR Coordinator,298,https://youtu.be/JsDYBx8qdN8,,,
Backend Oriented Fullstack Engineer,298,https://youtu.be/JsDYBx8qdN8,,,
Mechanical Engineering Internship,298,https://youtu.be/JsDYBx8qdN8,,,
Full Stack SWE,297,Please STOP Doing This In Your Resume | Recruiter Reviews Resume - YouTube,,,
"Development finance, Urban policy & sustainability",297,Please STOP Doing This In Your Resume | Recruiter Reviews Resume - YouTube,,,
Mechanical/Aerospace Engineering Intern,297,Please STOP Doing This In Your Resume | Recruiter Reviews Resume - YouTube,,,
Graphics programmer / Game Dev,297,Please STOP Doing This In Your Resume | Recruiter Reviews Resume - YouTube,,,
ASIC INTERN,297,Please STOP Doing This In Your Resume | Recruiter Reviews Resume - YouTube,,,
Intern (SWE),296,"GARBAGE Resume Gets 0 Responses, Don't Be Like This Jobseeker",,,
Software Engineer - AI domain,296,"GARBAGE Resume Gets 0 Responses, Don't Be Like This Jobseeker",,,
Intern (SWE),296,"GARBAGE Resume Gets 0 Responses, Don't Be Like This Jobseeker",,,
Assistant General Manager,296,"GARBAGE Resume Gets 0 Responses, Don't Be Like This Jobseeker",,,
Data Analyst,296,"GARBAGE Resume Gets 0 Responses, Don't Be Like This Jobseeker",,,
Data Analyst,295,What Hiring Teams WANT In Your Resume | Recruiter Reviews Resume - YouTube,,,
SWE (Systems / Distributed Systems),295,What Hiring Teams WANT In Your Resume | Recruiter Reviews Resume - YouTube,,,
Data Analyst,295,What Hiring Teams WANT In Your Resume | Recruiter Reviews Resume - YouTube,,,
Intern (SWE),295,What Hiring Teams WANT In Your Resume | Recruiter Reviews Resume - YouTube,,,
Intern (SWE),295,What Hiring Teams WANT In Your Resume | Recruiter Reviews Resume - YouTube,,,
Project Manager,294,"Job Seeker Does EVERYTHING Wrong, Do This Instead | Recruiter Reviews Resume - YouTube",,,
Full-Stack Developer,294,"Job Seeker Does EVERYTHING Wrong, Do This Instead | Recruiter Reviews Resume - YouTube",,,
Mechanical Engineering Intern,294,"Job Seeker Does EVERYTHING Wrong, Do This Instead | Recruiter Reviews Resume - YouTube",,,
Software Engineer (C++),294,"Job Seeker Does EVERYTHING Wrong, Do This Instead | Recruiter Reviews Resume - YouTube",,,
Software Engineer (Python),294,"Job Seeker Does EVERYTHING Wrong, Do This Instead | Recruiter Reviews Resume - YouTube",,,
Software Engineer Intern,293,https://youtu.be/I3lnjJ_2Udk,,,
Software Engineer (fullstack),293,https://youtu.be/I3lnjJ_2Udk,,,
Software Engineer Intern,293,https://youtu.be/I3lnjJ_2Udk,,,
Full Stack Software Engineer,293,https://youtu.be/I3lnjJ_2Udk,,,
Software Engineer Fullstack,293,https://youtu.be/I3lnjJ_2Udk,,,
Full Stack Software Engineer,292,Recruiters REJECT Candidates for Keywords | Recruiter Reviews Resume - YouTube,,,
Intern (Full Stack Software Engineer),292,Recruiters REJECT Candidates for Keywords | Recruiter Reviews Resume - YouTube,,,
AI/ML Engineer (Intern?),292,Recruiters REJECT Candidates for Keywords | Recruiter Reviews Resume - YouTube,,,
Designer?,292,Recruiters REJECT Candidates for Keywords | Recruiter Reviews Resume - YouTube,,,
Software Engineer Intern,292,Recruiters REJECT Candidates for Keywords | Recruiter Reviews Resume - YouTube,,,
Entry Level - Software Engineer,291,,,,
Full Stack Developer,291,,,,
full stack developer,291,,,,
Software Engineer,291,,,,
Technical Support Engineer/ IT Help Desk (Looking for T1-T2),291,,,,
Software Engineer,290,,,,
Entwicklungskonstrukteur Maschinenbau,290,,,,
Data Analyst,290,,,,
Systems Admin/IT Analyst/ Helpdesk,290,,,,
Software Engineer II,290,,,,
C#/.NET Developer,289,,,,
Machine Learning Engineer,289,,,,
Software Engineering Intern,289,,,,
Product Manager,289,,,,
AI Application / SWE Intern,289,,,,
Software Developer,288,,,,
Product Management Intern (at big tech),288,,,,
Account manager,288,,,,
DevOps Engineer,288,,,,
Software Developer Intern,288,,,,
software engineering,287,,,,
Software Engineering Intern,287,,,,
Data Scientist,287,,,,
Data & Business Analyst,287,,,,
Data Analyst,287,,,,
Machine learning Engineer,286,,,,
Kernel Sofware Developer,286,,,,
DevOps Engineer,286,,,,
Operations,286,,,,
Senior Systems Administrator,286,,,,
Quantitative Developer,285,,,,
Data Analyst,285,,,,
Fullstack engineer spring boot and angular,285,,,,
Data/Business Analyst,285,,,,
Software Engineering Internship (Netflix),285,,,,
Backend Python Developer,284,,,,
Product designer,284,,,,
Full Stack Engineer,284,,,,
Partnership Manager,284,,,,
Hardware Engineer,284,,,,
Remote Data Entry,283,,,,
Data Analyst,283,,,,
Full Stack Developer,283,,,,
UI/UX Designer,283,,,,
SWE Intern,283,,,,
Principal Software Engineer,282,,,,
System Administrator,282,,,,
Software Engineer,282,,,,
Software Engineer — Full Stack Developer,282,,,,
M&A analyst (Entry level),282,,,,
"Technical Support Agent, Technical Support Engineer",281,,,,
Electrical Design Engineer I,281,,,,
Java Software Engineer,281,,,,
Business Analyst Internship or similar roles,281,,,,
Software Engineer,281,,,,
Software Engineer (New Grad),280,,,,
Software Engineer Intern (Masters),280,,,,
Penetration Testing,280,,,,
New Grad/Junior Full Stack Sotware Engineer,280,,,,
Software Engineering: Full-stack Developer/Backend Developer,280,,,,
Software Engineer,279,,,,
Full Stack Developer,279,,,,
Full Stack Software Engineer,279,,,,
Data Analytics Intern,279,,,,
Software Engineer,279,,,,
Entry level software Engineer,278,,,,
Mechanical Engineering Graduate Jobs,278,,,,
Product Manager,278,,,,
Full Stack Software Engineer,278,,,,
Software Engineering Intern,278,,,,
Security Engineer Intern/New Grad; DevSecOps; Offensive Security; Red Team,277,,,,
Electronics and Hardware Internship,277,,,,
Operations Research Analyst Intern,277,,,,
Data Analyst roles,277,,,,
Machine Learning Software Engineer,277,,,,
Full Stack Software Engineer Entry Level,276,,,,
Business Analyst,276,,,,
Fullstack Java Developer - Resubmit,276,,,,
Mechanical Design Engineer,276,,,,
Data Analyst (Maybe junior data scientist),276,,,,
Data Analyst,275,,,,
Backend developer (Java or Golang),275,,,,
IT Analyst/Programmer,275,,,,
Entry-level Software engineer,275,,,,
AI Engineer,275,,,,
Java and Python Back end dev,274,,,,
Full Stack Software Engineer,274,,,,
Java Software Engineer,274,,,,
AI / SWE intern,274,,,,
Full-Stack Software Engineer,274,,,,
Python Backend,273,,,,
SWE Intern,273,,,,
Junior Data Scientist,273,,,,
Business Analyst,273,,,,
Data science  and ML Engineer,273,,,,
Software Engineer,272,,,,
Data Analyst,272,,,,
Android engineer,272,,,,
Warehouse Order Selector,272,,,,
Senior GRC Analyst,272,,,,
Data Analyst,271,,,,
Machine Learning Engineer Intern,271,,,,
Data engineer,271,,,,
Full-Stack Engineer,271,,,,
"Software Engineer, Machine Learning",271,,,,
Software Engineering Intern,270,,,,
Architectural Designer,270,,,,
ML engineer intern / Software Engineer,270,,,,
New Grad Software Engineer,270,,,,
Systems Engineer,270,,,,
Software Engineer Intern Fullstack/Backend (Typescript),269,,,,
Mid Devops Engineer,269,,,,
"Technical Support, Software Support, Help Desk, Junior Dev Roles",269,,,,
Business Analyst or operation sales analyst,269,,,,
Data Analyst,269,,,,
Data Engineer,268,,,,
Management/Strategy Consultant (targeting MBB firms),268,,,,
Aeronautical engineer,268,,,,
Full Stack Software Engineer,268,,,,
Software Engineer,268,,,,
Data Analyst 2,267,,,,
Software Engineer Intern,267,,,,
Software Engineer Summer Intern (3rd Year University Student),267,,,,
Software Engineer Intern,267,,,,
Data Science,267,,,,
Full Stack Java Developer,266,,,,
Software Engineer Intern,266,,,,
Data Scientist,266,,,,
Data Scientist,266,,,,
Product Manager,266,,,,
Fullstack Engineer / Senior maybe,265,,,,
Data Analyst,265,,,,
Data Analyst,265,,,,
Data Analyst,265,,,,
Customer Success,265,,,,
AI/ML Engineer,264,,,,
QA Automation Engineer,264,,,,
Software Engineer,264,,,,
Machine Learning Engineer,264,,,,
Software Engineer Intern (fullstack),264,,,,
Java Backend Developer,263,,,,
Full Stack Engineer,263,,,,
AI Engineer,263,,,,
Software Engineer,263,,,,
Software Engineer,262,,,,
Data Engineer,262,,,,
Entry Level Manufacturing Engineer,262,,,,
Software Engineering Intern,262,,,,
Internship java developer,262,,,,